train_size,test_size,Class,Images,Instances,Box-P,Box-R,Box-F1,mAP50,mAP75,mAP50-95
416,416,buffalo,46,63,0.89722,0.90476,0.90098,0.97406,0.92123,0.84969
416,416,elephant,56,96,0.9772,0.89281,0.9331,0.97635,0.89216,0.78583
416,416,rhino,49,69,0.94179,0.93805,0.93992,0.98776,0.97491,0.90254
416,416,zebra,63,127,0.94135,0.88467,0.91213,0.94574,0.84389,0.74351
416,416,bear,40,59,0.86728,0.66458,0.75252,0.84392,0.64207,0.6337
416,416,giraffe,40,71,0.92089,0.69014,0.78899,0.81232,0.68143,0.62619
416,416,lion,27,29,0.8218,0.86207,0.84146,0.89688,0.89427,0.78094
416,416,deer,42,63,0.91367,0.73016,0.81167,0.85943,0.76062,0.6942
416,640,buffalo,46,63,0.84959,0.88889,0.8688,0.92582,0.64431,0.64994
416,640,elephant,56,96,0.89219,0.88542,0.88879,0.94679,0.81391,0.69327
416,640,rhino,49,69,0.89752,0.88857,0.89303,0.95999,0.83337,0.78165
416,640,zebra,63,127,0.89528,0.88976,0.89251,0.94429,0.7458,0.67603
416,640,bear,40,59,0.92392,0.59322,0.72253,0.80595,0.57098,0.51437
416,640,giraffe,40,71,0.86501,0.64789,0.74087,0.7712,0.54753,0.5256
416,640,lion,27,29,0.71132,0.76487,0.73712,0.76272,0.05875,0.2383
416,640,deer,42,63,0.86235,0.69614,0.77038,0.77023,0.59014,0.53399
