model,condition,Class,Images,Instances,Box-P,Box-R,Box-F1,mAP50,mAP75,mAP50-95
baseline42,clean,buffalo,46,63,0.89722,0.90476,0.90098,0.97406,0.92123,0.84969
baseline42,clean,elephant,56,96,0.9772,0.89281,0.9331,0.97635,0.89216,0.78583
baseline42,clean,rhino,49,69,0.94179,0.93805,0.93992,0.98776,0.97491,0.90254
baseline42,clean,zebra,63,127,0.94135,0.88467,0.91213,0.94574,0.84389,0.74351
baseline42,clean,bear,40,59,0.86728,0.66458,0.75252,0.84392,0.64207,0.6337
baseline42,clean,giraffe,40,71,0.92089,0.69014,0.78899,0.81232,0.68143,0.62619
baseline42,clean,lion,27,29,0.8218,0.86207,0.84146,0.89688,0.89427,0.78094
baseline42,clean,deer,42,63,0.91367,0.73016,0.81167,0.85943,0.76062,0.6942
baseline42,dark1,buffalo,46,63,0.92975,0.90476,0.91709,0.97138,0.88634,0.84288
baseline42,dark1,elephant,56,96,0.98818,0.87125,0.92604,0.97059,0.88644,0.78988
baseline42,dark1,rhino,49,69,0.95547,0.93287,0.94403,0.98753,0.96277,0.89822
baseline42,dark1,zebra,63,127,0.93317,0.87965,0.90562,0.95049,0.854,0.75334
baseline42,dark1,bear,40,59,0.86163,0.62712,0.7259,0.82383,0.6582,0.63246
baseline42,dark1,giraffe,40,71,0.94116,0.67582,0.78672,0.80141,0.68066,0.61778
baseline42,dark1,lion,27,29,0.82495,0.86207,0.8431,0.8918,0.86835,0.78286
baseline42,dark1,deer,42,63,0.93885,0.73016,0.82146,0.85017,0.76772,0.69521
baseline42,dark2,buffalo,46,63,0.90477,0.92063,0.91263,0.95289,0.91042,0.84046
baseline42,dark2,elephant,56,96,0.94161,0.83333,0.88417,0.94692,0.84028,0.76682
baseline42,dark2,rhino,49,69,0.94802,0.95652,0.95225,0.97971,0.96211,0.89384
baseline42,dark2,zebra,63,127,0.85397,0.91339,0.88268,0.94502,0.8501,0.74594
baseline42,dark2,bear,40,59,0.75465,0.72987,0.74206,0.77203,0.62534,0.59845
baseline42,dark2,giraffe,40,71,0.86916,0.71831,0.78657,0.78917,0.67743,0.60324
baseline42,dark2,lion,27,29,0.83323,0.86147,0.84712,0.87792,0.82628,0.73895
baseline42,dark2,deer,42,63,0.8587,0.7619,0.80741,0.84411,0.73648,0.68277
baseline42,dark3,buffalo,46,63,0.97399,0.8254,0.89356,0.92349,0.89658,0.7968
baseline42,dark3,elephant,56,96,0.93087,0.56111,0.70018,0.76243,0.61965,0.56724
baseline42,dark3,rhino,49,69,0.95051,0.7971,0.86707,0.90598,0.84838,0.79619
baseline42,dark3,zebra,63,127,0.87446,0.8189,0.84577,0.89198,0.82862,0.69871
baseline42,dark3,bear,40,59,0.58952,0.4869,0.53332,0.50582,0.41996,0.38011
baseline42,dark3,giraffe,40,71,0.90143,0.56338,0.6934,0.69623,0.51446,0.49773
baseline42,dark3,lion,27,29,0.87211,0.70583,0.78021,0.75829,0.69383,0.5775
baseline42,dark3,deer,42,63,0.7555,0.53968,0.62961,0.63533,0.50089,0.47227
baseline42,blur1,buffalo,46,63,0.90479,0.9051,0.90495,0.96841,0.90177,0.83752
baseline42,blur1,elephant,56,96,0.94594,0.91144,0.92837,0.9706,0.8849,0.78941
baseline42,blur1,rhino,49,69,0.97041,0.95068,0.96044,0.98956,0.97829,0.90627
baseline42,blur1,zebra,63,127,0.91754,0.87618,0.89638,0.94817,0.86012,0.7469
baseline42,blur1,bear,40,59,0.84753,0.69492,0.76367,0.84137,0.67102,0.64094
baseline42,blur1,giraffe,40,71,0.9425,0.69263,0.79847,0.82853,0.65554,0.61201
baseline42,blur1,lion,27,29,0.80768,0.89655,0.8498,0.89727,0.88577,0.78191
baseline42,blur1,deer,42,63,0.87731,0.74603,0.80636,0.85195,0.73513,0.67656
baseline42,blur2,buffalo,46,63,0.93261,0.90476,0.91848,0.94141,0.87986,0.81488
baseline42,blur2,elephant,56,96,0.9759,0.625,0.76199,0.92015,0.78562,0.70608
baseline42,blur2,rhino,49,69,0.89439,0.94203,0.91759,0.97185,0.96674,0.89283
baseline42,blur2,zebra,63,127,0.95116,0.70866,0.8122,0.89297,0.77821,0.68855
baseline42,blur2,bear,40,59,0.76662,0.55682,0.64509,0.68186,0.53339,0.52279
baseline42,blur2,giraffe,40,71,0.81559,0.47887,0.60344,0.66547,0.51559,0.496
baseline42,blur2,lion,27,29,0.84996,0.78167,0.81438,0.83955,0.78618,0.66689
baseline42,blur2,deer,42,63,0.65907,0.68254,0.6706,0.73986,0.67086,0.58157
baseline42,blur3,buffalo,46,63,0.7261,0.87302,0.79281,0.87917,0.80691,0.74142
baseline42,blur3,elephant,56,96,0.87095,0.38542,0.53436,0.70356,0.54684,0.51468
baseline42,blur3,rhino,49,69,0.52945,0.91304,0.67024,0.87917,0.87917,0.78039
baseline42,blur3,zebra,63,127,0.87557,0.44326,0.58856,0.62603,0.49634,0.44822
baseline42,blur3,bear,40,59,0.41605,0.45763,0.43585,0.39663,0.2792,0.26822
baseline42,blur3,giraffe,40,71,0.86914,0.28067,0.42431,0.48636,0.37746,0.34961
baseline42,blur3,lion,27,29,0.82995,0.55172,0.66283,0.73876,0.65482,0.54632
baseline42,blur3,deer,42,63,0.39913,0.65079,0.4948,0.54492,0.42123,0.39477
baseline42,jpeg1,buffalo,46,63,0.91927,0.90476,0.91196,0.974,0.9017,0.84597
baseline42,jpeg1,elephant,56,96,0.97686,0.87935,0.92554,0.97137,0.89893,0.78973
baseline42,jpeg1,rhino,49,69,0.9495,0.92754,0.93839,0.98634,0.97899,0.90284
baseline42,jpeg1,zebra,63,127,0.94845,0.86926,0.90713,0.94256,0.84418,0.74246
baseline42,jpeg1,bear,40,59,0.89214,0.61017,0.72469,0.81389,0.67343,0.62397
baseline42,jpeg1,giraffe,40,71,0.93346,0.59276,0.72508,0.77936,0.63716,0.58839
baseline42,jpeg1,lion,27,29,0.84585,0.86207,0.85388,0.88256,0.85865,0.76298
baseline42,jpeg1,deer,42,63,0.91765,0.70759,0.79905,0.83918,0.77323,0.69049
baseline42,jpeg2,buffalo,46,63,0.90092,0.92063,0.91067,0.95758,0.90508,0.82921
baseline42,jpeg2,elephant,56,96,0.80817,0.92158,0.86116,0.95588,0.8721,0.75797
baseline42,jpeg2,rhino,49,69,0.9043,0.94203,0.92278,0.97905,0.97905,0.88201
baseline42,jpeg2,zebra,63,127,0.78773,0.90584,0.84267,0.93772,0.83793,0.73772
baseline42,jpeg2,bear,40,59,0.83316,0.59249,0.69251,0.78023,0.63829,0.5842
baseline42,jpeg2,giraffe,40,71,0.81035,0.66198,0.72869,0.75275,0.59251,0.57052
baseline42,jpeg2,lion,27,29,0.76567,0.89655,0.82596,0.87043,0.86667,0.76844
baseline42,jpeg2,deer,42,63,0.87415,0.77188,0.81984,0.85925,0.73807,0.67683
baseline42,jpeg3,buffalo,46,63,0.91913,0.80952,0.86085,0.8859,0.84324,0.76664
baseline42,jpeg3,elephant,56,96,0.70256,0.78736,0.74255,0.78958,0.65956,0.58114
baseline42,jpeg3,rhino,49,69,0.76548,0.7971,0.78097,0.87832,0.84666,0.78377
baseline42,jpeg3,zebra,63,127,0.78687,0.87402,0.82816,0.89834,0.78765,0.67993
baseline42,jpeg3,bear,40,59,0.73873,0.28756,0.41398,0.47121,0.22532,0.27867
baseline42,jpeg3,giraffe,40,71,0.78771,0.57491,0.66469,0.65157,0.49589,0.4425
baseline42,jpeg3,lion,27,29,0.89552,0.62069,0.7332,0.82305,0.74732,0.63519
baseline42,jpeg3,deer,42,63,0.94706,0.568,0.71011,0.74756,0.62498,0.56
augmented42,clean,buffalo,46,63,0.91314,0.90476,0.90893,0.96096,0.88954,0.83737
augmented42,clean,elephant,56,96,0.94608,0.91379,0.92966,0.97455,0.81349,0.74359
augmented42,clean,rhino,49,69,0.93164,0.97101,0.95092,0.99071,0.98488,0.90267
augmented42,clean,zebra,63,127,0.8399,0.90551,0.87147,0.93243,0.83377,0.74428
augmented42,clean,bear,40,59,0.91451,0.72527,0.80897,0.86522,0.75993,0.64684
augmented42,clean,giraffe,40,71,0.87928,0.7181,0.79056,0.79884,0.64977,0.60522
augmented42,clean,lion,27,29,0.71775,0.87713,0.78948,0.88917,0.8185,0.75587
augmented42,clean,deer,42,63,0.91672,0.7619,0.83217,0.84146,0.73577,0.66987
augmented42,dark1,buffalo,46,63,0.94511,0.90476,0.9245,0.96612,0.89887,0.83145
augmented42,dark1,elephant,56,96,0.96642,0.89935,0.93168,0.97896,0.83083,0.76067
augmented42,dark1,rhino,49,69,0.94165,0.97101,0.95611,0.99205,0.99078,0.89863
augmented42,dark1,zebra,63,127,0.91327,0.91209,0.91268,0.94458,0.82658,0.74723
augmented42,dark1,bear,40,59,0.91156,0.69887,0.79117,0.84773,0.73137,0.64926
augmented42,dark1,giraffe,40,71,0.9158,0.67606,0.77788,0.812,0.65178,0.6058
augmented42,dark1,lion,27,29,0.77215,0.81822,0.79452,0.88153,0.83607,0.76112
augmented42,dark1,deer,42,63,0.91002,0.74603,0.81991,0.81906,0.73698,0.67059
augmented42,dark2,buffalo,46,63,0.96546,0.88734,0.92475,0.9612,0.88977,0.82441
augmented42,dark2,elephant,56,96,0.97955,0.8125,0.88824,0.96281,0.85022,0.75852
augmented42,dark2,rhino,49,69,0.97049,0.95338,0.96186,0.9884,0.98251,0.8985
augmented42,dark2,zebra,63,127,0.93099,0.89764,0.91401,0.94607,0.82202,0.74587
augmented42,dark2,bear,40,59,0.90068,0.66102,0.76246,0.81686,0.70665,0.61781
augmented42,dark2,giraffe,40,71,0.88127,0.62734,0.73293,0.76638,0.63528,0.59483
augmented42,dark2,lion,27,29,0.83173,0.72414,0.77422,0.86758,0.82247,0.73904
augmented42,dark2,deer,42,63,0.91679,0.74603,0.82264,0.84726,0.73225,0.66847
augmented42,dark3,buffalo,46,63,0.92019,0.87302,0.89598,0.9484,0.90395,0.81165
augmented42,dark3,elephant,56,96,0.85315,0.60417,0.70739,0.79539,0.66373,0.60234
augmented42,dark3,rhino,49,69,0.96696,0.88406,0.92365,0.96337,0.92856,0.85771
augmented42,dark3,zebra,63,127,0.7918,0.92126,0.85164,0.93996,0.84038,0.72533
augmented42,dark3,bear,40,59,0.56442,0.66102,0.60891,0.58301,0.49806,0.45256
augmented42,dark3,giraffe,40,71,0.7681,0.65315,0.70598,0.69087,0.54515,0.49834
augmented42,dark3,lion,27,29,0.82794,0.68966,0.7525,0.79002,0.65865,0.56155
augmented42,dark3,deer,42,63,0.60869,0.69841,0.65047,0.68479,0.60694,0.51781
augmented42,blur1,buffalo,46,63,0.90706,0.90476,0.90591,0.95594,0.8946,0.83389
augmented42,blur1,elephant,56,96,0.96488,0.91667,0.94015,0.97505,0.81349,0.75471
augmented42,blur1,rhino,49,69,0.94438,0.98431,0.96393,0.99352,0.99308,0.91524
augmented42,blur1,zebra,63,127,0.86404,0.90076,0.88202,0.9376,0.84052,0.7467
augmented42,blur1,bear,40,59,0.93153,0.72881,0.81779,0.85705,0.73289,0.64705
augmented42,blur1,giraffe,40,71,0.88881,0.67553,0.76763,0.82113,0.66633,0.61929
augmented42,blur1,lion,27,29,0.76259,0.86207,0.80928,0.90162,0.79858,0.74232
augmented42,blur1,deer,42,63,0.92331,0.7619,0.83488,0.83973,0.73586,0.67894
augmented42,blur2,buffalo,46,63,0.94197,0.90476,0.92299,0.94774,0.89508,0.83742
augmented42,blur2,elephant,56,96,0.92676,0.82292,0.87176,0.95202,0.83013,0.75166
augmented42,blur2,rhino,49,69,0.96787,0.97101,0.96944,0.99089,0.99089,0.8972
augmented42,blur2,zebra,63,127,0.93047,0.86614,0.89716,0.94766,0.79452,0.73203
augmented42,blur2,bear,40,59,0.81487,0.66102,0.72993,0.80705,0.70906,0.61988
augmented42,blur2,giraffe,40,71,0.88594,0.6338,0.73895,0.78925,0.6604,0.61219
augmented42,blur2,lion,27,29,0.73193,0.84759,0.78552,0.89174,0.809,0.74016
augmented42,blur2,deer,42,63,0.91327,0.7619,0.83075,0.82264,0.71231,0.64611
augmented42,blur3,buffalo,46,63,0.88911,0.88889,0.889,0.93261,0.87431,0.81285
augmented42,blur3,elephant,56,96,0.8364,0.69233,0.75758,0.86531,0.70137,0.65742
augmented42,blur3,rhino,49,69,0.98322,0.89855,0.93898,0.96812,0.96433,0.88227
augmented42,blur3,zebra,63,127,0.83705,0.77953,0.80726,0.86928,0.67586,0.62885
augmented42,blur3,bear,40,59,0.65264,0.60512,0.62798,0.69914,0.566,0.5111
augmented42,blur3,giraffe,40,71,0.8216,0.64867,0.72497,0.76369,0.60738,0.56482
augmented42,blur3,lion,27,29,0.74226,0.86207,0.79769,0.8833,0.82145,0.75294
augmented42,blur3,deer,42,63,0.84108,0.75612,0.79634,0.80058,0.6557,0.57954
augmented42,jpeg1,buffalo,46,63,0.9495,0.89542,0.92167,0.95884,0.89473,0.83651
augmented42,jpeg1,elephant,56,96,0.95664,0.91936,0.93763,0.97407,0.81888,0.7469
augmented42,jpeg1,rhino,49,69,0.92604,0.97101,0.94799,0.99004,0.9845,0.90494
augmented42,jpeg1,zebra,63,127,0.88084,0.90551,0.89301,0.93669,0.8288,0.74668
augmented42,jpeg1,bear,40,59,0.92788,0.65434,0.76746,0.84932,0.67022,0.60931
augmented42,jpeg1,giraffe,40,71,0.89472,0.67606,0.77017,0.7854,0.61517,0.57739
augmented42,jpeg1,lion,27,29,0.73875,0.86207,0.79566,0.88404,0.81637,0.74951
augmented42,jpeg1,deer,42,63,0.92237,0.7545,0.83004,0.83377,0.74093,0.6645
augmented42,jpeg2,buffalo,46,63,0.96572,0.90476,0.93425,0.96349,0.91448,0.84017
augmented42,jpeg2,elephant,56,96,0.90527,0.89595,0.90059,0.96739,0.81952,0.73724
augmented42,jpeg2,rhino,49,69,0.91636,0.95278,0.93422,0.97618,0.97591,0.86706
augmented42,jpeg2,zebra,63,127,0.7813,0.92126,0.84553,0.93164,0.82993,0.72378
augmented42,jpeg2,bear,40,59,0.93834,0.62712,0.75179,0.80175,0.62844,0.57603
augmented42,jpeg2,giraffe,40,71,0.81222,0.66197,0.72944,0.74166,0.58472,0.55499
augmented42,jpeg2,lion,27,29,0.73337,0.85379,0.78901,0.87103,0.8042,0.73799
augmented42,jpeg2,deer,42,63,0.92948,0.74603,0.82771,0.82494,0.74485,0.66905
augmented42,jpeg3,buffalo,46,63,0.90017,0.79365,0.84356,0.87977,0.81604,0.74236
augmented42,jpeg3,elephant,56,96,0.68397,0.8125,0.74272,0.82078,0.62709,0.56612
augmented42,jpeg3,rhino,49,69,0.73355,0.83793,0.78227,0.88868,0.87653,0.79066
augmented42,jpeg3,zebra,63,127,0.70201,0.89764,0.78786,0.89862,0.76162,0.66481
augmented42,jpeg3,bear,40,59,0.71491,0.38265,0.49849,0.55024,0.32721,0.31137
augmented42,jpeg3,giraffe,40,71,0.6817,0.57746,0.62527,0.6352,0.47753,0.4437
augmented42,jpeg3,lion,27,29,0.87374,0.47753,0.61755,0.76939,0.73457,0.59824
augmented42,jpeg3,deer,42,63,0.84697,0.52719,0.64987,0.6596,0.56024,0.51208
baseline43,clean,buffalo,46,63,0.95026,0.88889,0.91855,0.96421,0.93648,0.88284
baseline43,clean,elephant,56,96,0.93789,0.94377,0.94082,0.98105,0.87663,0.78011
baseline43,clean,rhino,49,69,0.96925,0.9135,0.94054,0.98709,0.96968,0.90126
baseline43,clean,zebra,63,127,0.87449,0.88976,0.88206,0.96286,0.81775,0.74292
baseline43,clean,bear,40,59,0.8725,0.71186,0.78404,0.85149,0.6647,0.62515
baseline43,clean,giraffe,40,71,0.92164,0.74648,0.82486,0.84909,0.69494,0.63801
baseline43,clean,lion,27,29,0.91605,0.75276,0.82642,0.8849,0.87807,0.76406
baseline43,clean,deer,42,63,0.91916,0.7619,0.83318,0.83503,0.75801,0.6659
baseline43,dark1,buffalo,46,63,0.96622,0.90798,0.93619,0.96837,0.93862,0.87357
baseline43,dark1,elephant,56,96,0.92887,0.92708,0.92798,0.98135,0.87899,0.7737
baseline43,dark1,rhino,49,69,0.9816,0.91304,0.94608,0.98639,0.97144,0.89693
baseline43,dark1,zebra,63,127,0.8901,0.90551,0.89774,0.96178,0.83509,0.75197
baseline43,dark1,bear,40,59,0.86712,0.72881,0.79197,0.85388,0.6678,0.63436
baseline43,dark1,giraffe,40,71,0.96318,0.73686,0.83495,0.85139,0.68319,0.64407
baseline43,dark1,lion,27,29,0.88114,0.76714,0.8202,0.87813,0.8526,0.75931
baseline43,dark1,deer,42,63,0.88802,0.74603,0.81086,0.81601,0.75621,0.65335
baseline43,dark2,buffalo,46,63,0.93504,0.91393,0.92436,0.95505,0.9296,0.84948
baseline43,dark2,elephant,56,96,0.89661,0.90332,0.89995,0.9636,0.84067,0.75773
baseline43,dark2,rhino,49,69,1.0,0.89356,0.94379,0.9738,0.94987,0.87365
baseline43,dark2,zebra,63,127,0.87974,0.91339,0.89625,0.96293,0.83874,0.74231
baseline43,dark2,bear,40,59,0.83566,0.72881,0.77859,0.80769,0.63088,0.60271
baseline43,dark2,giraffe,40,71,0.9635,0.74355,0.83935,0.84877,0.66594,0.63772
baseline43,dark2,lion,27,29,0.88508,0.82759,0.85537,0.88556,0.85101,0.74859
baseline43,dark2,deer,42,63,0.88058,0.7619,0.81696,0.80976,0.74727,0.65758
baseline43,dark3,buffalo,46,63,0.97373,0.85714,0.91172,0.94324,0.86879,0.8016
baseline43,dark3,elephant,56,96,0.79625,0.67708,0.73185,0.7636,0.6406,0.58004
baseline43,dark3,rhino,49,69,0.98029,0.72103,0.83091,0.90839,0.86237,0.79584
baseline43,dark3,zebra,63,127,0.88998,0.85039,0.86974,0.93288,0.81512,0.6903
baseline43,dark3,bear,40,59,0.72482,0.57627,0.64207,0.61739,0.45277,0.43248
baseline43,dark3,giraffe,40,71,0.88612,0.6338,0.73902,0.70789,0.57114,0.51659
baseline43,dark3,lion,27,29,0.94684,0.61444,0.74525,0.79626,0.66651,0.61199
baseline43,dark3,deer,42,63,0.80127,0.52381,0.63349,0.64049,0.54947,0.50679
baseline43,blur1,buffalo,46,63,0.92215,0.90476,0.91337,0.96169,0.93847,0.87281
baseline43,blur1,elephant,56,96,0.93784,0.94292,0.94037,0.98258,0.88581,0.78211
baseline43,blur1,rhino,49,69,0.96385,0.89855,0.93006,0.9885,0.97757,0.90759
baseline43,blur1,zebra,63,127,0.90512,0.90137,0.90324,0.96086,0.82117,0.75178
baseline43,blur1,bear,40,59,0.89734,0.74083,0.81161,0.86139,0.66913,0.63394
baseline43,blur1,giraffe,40,71,0.91054,0.71831,0.80308,0.84149,0.68226,0.63538
baseline43,blur1,lion,27,29,0.88708,0.81301,0.84843,0.90011,0.82221,0.75311
baseline43,blur1,deer,42,63,0.88786,0.74603,0.81079,0.82109,0.75444,0.66741
baseline43,blur2,buffalo,46,63,0.8915,0.91304,0.90214,0.95989,0.92126,0.86339
baseline43,blur2,elephant,56,96,0.91102,0.83333,0.87045,0.9564,0.8203,0.73674
baseline43,blur2,rhino,49,69,0.95912,0.88406,0.92006,0.9705,0.96491,0.88231
baseline43,blur2,zebra,63,127,0.98419,0.76378,0.86009,0.92776,0.76517,0.70987
baseline43,blur2,bear,40,59,0.8072,0.50847,0.62392,0.75005,0.60507,0.55048
baseline43,blur2,giraffe,40,71,0.82718,0.6338,0.71769,0.7387,0.57292,0.54474
baseline43,blur2,lion,27,29,0.84974,0.7803,0.81354,0.86992,0.83236,0.71299
baseline43,blur2,deer,42,63,0.77489,0.73016,0.75186,0.77641,0.7029,0.59796
baseline43,blur3,buffalo,46,63,0.82356,0.84127,0.83232,0.90357,0.84081,0.77714
baseline43,blur3,elephant,56,96,0.8732,0.625,0.72854,0.77988,0.64003,0.56387
baseline43,blur3,rhino,49,69,0.7496,0.85507,0.79887,0.88115,0.86033,0.78846
baseline43,blur3,zebra,63,127,0.96225,0.46457,0.62661,0.64322,0.52195,0.45315
baseline43,blur3,bear,40,59,0.72735,0.31665,0.44122,0.44935,0.32622,0.32389
baseline43,blur3,giraffe,40,71,0.84375,0.35211,0.49687,0.48212,0.32793,0.33245
baseline43,blur3,lion,27,29,0.77426,0.47348,0.58761,0.65845,0.49557,0.43373
baseline43,blur3,deer,42,63,0.48084,0.68254,0.56421,0.62188,0.47152,0.42623
baseline43,jpeg1,buffalo,46,63,0.92444,0.90476,0.9145,0.96001,0.93168,0.87925
baseline43,jpeg1,elephant,56,96,0.87823,0.97917,0.92595,0.98076,0.87582,0.77894
baseline43,jpeg1,rhino,49,69,0.93396,0.91304,0.92338,0.98258,0.97177,0.89607
baseline43,jpeg1,zebra,63,127,0.86411,0.91339,0.88807,0.95706,0.81522,0.74741
baseline43,jpeg1,bear,40,59,0.78942,0.64407,0.70937,0.7809,0.59129,0.58164
baseline43,jpeg1,giraffe,40,71,0.86443,0.71848,0.78473,0.82151,0.63966,0.61261
baseline43,jpeg1,lion,27,29,0.87803,0.74502,0.80607,0.8732,0.84988,0.75414
baseline43,jpeg1,deer,42,63,0.89305,0.74603,0.81295,0.82329,0.76305,0.65686
baseline43,jpeg2,buffalo,46,63,0.95422,0.88889,0.9204,0.95609,0.92021,0.84337
baseline43,jpeg2,elephant,56,96,0.80074,0.89583,0.84562,0.94437,0.81217,0.73904
baseline43,jpeg2,rhino,49,69,0.95907,0.89855,0.92782,0.97299,0.95292,0.86611
baseline43,jpeg2,zebra,63,127,0.88138,0.88189,0.88163,0.95199,0.81043,0.72645
baseline43,jpeg2,bear,40,59,0.86839,0.44745,0.59059,0.72454,0.5952,0.52788
baseline43,jpeg2,giraffe,40,71,0.91705,0.69014,0.78758,0.77485,0.63021,0.56164
baseline43,jpeg2,lion,27,29,0.90614,0.66615,0.76783,0.86599,0.85678,0.74074
baseline43,jpeg2,deer,42,63,0.93882,0.73074,0.82181,0.83867,0.71807,0.64322
baseline43,jpeg3,buffalo,46,63,0.93941,0.8254,0.87872,0.92299,0.89247,0.79177
baseline43,jpeg3,elephant,56,96,0.65819,0.79167,0.71878,0.80177,0.68405,0.59389
baseline43,jpeg3,rhino,49,69,0.84285,0.81159,0.82692,0.89508,0.85666,0.78734
baseline43,jpeg3,zebra,63,127,0.85207,0.86173,0.85687,0.91811,0.78737,0.69791
baseline43,jpeg3,bear,40,59,0.83057,0.33252,0.47491,0.53806,0.37596,0.3274
baseline43,jpeg3,giraffe,40,71,0.89041,0.53521,0.66856,0.66302,0.4504,0.43951
baseline43,jpeg3,lion,27,29,0.9389,0.53038,0.67785,0.77724,0.73166,0.62369
baseline43,jpeg3,deer,42,63,0.9415,0.511,0.66245,0.75031,0.66542,0.56978
augmented43,clean,buffalo,46,63,0.96536,0.87302,0.91687,0.96087,0.91783,0.85485
augmented43,clean,elephant,56,96,0.95962,0.9375,0.94843,0.9778,0.89686,0.77153
augmented43,clean,rhino,49,69,0.98254,0.94203,0.96186,0.98933,0.98933,0.90361
augmented43,clean,zebra,63,127,0.95689,0.87393,0.91353,0.95547,0.81578,0.73483
augmented43,clean,bear,40,59,0.85581,0.60371,0.70799,0.78249,0.65207,0.57228
augmented43,clean,giraffe,40,71,0.95615,0.66197,0.78232,0.81685,0.68408,0.59969
augmented43,clean,lion,27,29,0.8502,0.82759,0.83874,0.85737,0.84806,0.75672
augmented43,clean,deer,42,63,0.92937,0.74603,0.82767,0.83471,0.73934,0.66927
augmented43,dark1,buffalo,46,63,0.96567,0.89297,0.9279,0.95795,0.90804,0.84634
augmented43,dark1,elephant,56,96,0.95292,0.92708,0.93982,0.97511,0.8936,0.77172
augmented43,dark1,rhino,49,69,1.0,0.92302,0.95997,0.98791,0.98791,0.89906
augmented43,dark1,zebra,63,127,0.97337,0.86336,0.91507,0.95763,0.80639,0.74194
augmented43,dark1,bear,40,59,0.85606,0.60491,0.7089,0.76415,0.65374,0.57706
augmented43,dark1,giraffe,40,71,0.97271,0.66197,0.78781,0.81202,0.68365,0.59997
augmented43,dark1,lion,27,29,0.88284,0.75862,0.81603,0.85024,0.84228,0.74023
augmented43,dark1,deer,42,63,0.96602,0.73016,0.83169,0.83478,0.74515,0.6738
augmented43,dark2,buffalo,46,63,0.9583,0.92063,0.93909,0.94772,0.89627,0.82883
augmented43,dark2,elephant,56,96,0.85909,0.95833,0.906,0.96302,0.86571,0.76089
augmented43,dark2,rhino,49,69,0.99244,0.91304,0.95109,0.974,0.96242,0.87949
augmented43,dark2,zebra,63,127,0.94142,0.88574,0.91273,0.95749,0.82519,0.73941
augmented43,dark2,bear,40,59,0.8236,0.66102,0.73341,0.76599,0.66371,0.58558
augmented43,dark2,giraffe,40,71,0.92479,0.69276,0.79214,0.7887,0.68382,0.58234
augmented43,dark2,lion,27,29,0.9144,0.75862,0.82926,0.83685,0.80575,0.73834
augmented43,dark2,deer,42,63,0.85386,0.742,0.79401,0.82875,0.71988,0.64947
augmented43,dark3,buffalo,46,63,0.92981,0.84114,0.88326,0.93275,0.88646,0.81875
augmented43,dark3,elephant,56,96,0.84519,0.82292,0.8339,0.86421,0.72221,0.65442
augmented43,dark3,rhino,49,69,0.9388,0.78261,0.85362,0.90516,0.90461,0.79122
augmented43,dark3,zebra,63,127,0.90328,0.88241,0.89272,0.94453,0.80393,0.71204
augmented43,dark3,bear,40,59,0.63964,0.48145,0.54939,0.54699,0.45249,0.39058
augmented43,dark3,giraffe,40,71,0.91395,0.59842,0.72327,0.72342,0.54772,0.50686
augmented43,dark3,lion,27,29,0.90218,0.65517,0.75909,0.80537,0.75305,0.65464
augmented43,dark3,deer,42,63,0.72097,0.61905,0.66613,0.72203,0.60524,0.55327
augmented43,blur1,buffalo,46,63,0.9714,0.88889,0.92831,0.96137,0.89966,0.85716
augmented43,blur1,elephant,56,96,0.95456,0.9375,0.94595,0.97714,0.88838,0.78693
augmented43,blur1,rhino,49,69,0.98236,0.94203,0.96177,0.99174,0.99174,0.90154
augmented43,blur1,zebra,63,127,0.95405,0.88189,0.91655,0.95283,0.81896,0.74923
augmented43,blur1,bear,40,59,0.8571,0.60995,0.71271,0.78046,0.63634,0.57562
augmented43,blur1,giraffe,40,71,0.95582,0.66197,0.78221,0.81722,0.68287,0.60742
augmented43,blur1,lion,27,29,0.8364,0.7931,0.81418,0.85411,0.84447,0.75327
augmented43,blur1,deer,42,63,0.93772,0.71698,0.81263,0.83333,0.73922,0.67482
augmented43,blur2,buffalo,46,63,0.96133,0.92063,0.94054,0.95153,0.92274,0.84937
augmented43,blur2,elephant,56,96,0.87745,0.9375,0.90648,0.96891,0.83268,0.76313
augmented43,blur2,rhino,49,69,0.94198,0.94115,0.94157,0.98444,0.98444,0.89833
augmented43,blur2,zebra,63,127,0.92516,0.87611,0.89997,0.94939,0.81831,0.73665
augmented43,blur2,bear,40,59,0.84756,0.65968,0.74191,0.77231,0.63995,0.57642
augmented43,blur2,giraffe,40,71,0.8869,0.66197,0.7581,0.80358,0.66857,0.59263
augmented43,blur2,lion,27,29,0.86569,0.82759,0.84621,0.85576,0.84113,0.7424
augmented43,blur2,deer,42,63,0.88877,0.74603,0.81117,0.84001,0.72702,0.65225
augmented43,blur3,buffalo,46,63,0.88774,0.92063,0.90389,0.9304,0.90795,0.83206
augmented43,blur3,elephant,56,96,0.83225,0.90625,0.86767,0.92522,0.76665,0.70349
augmented43,blur3,rhino,49,69,0.92173,0.88406,0.9025,0.94881,0.94607,0.86392
augmented43,blur3,zebra,63,127,0.89822,0.79528,0.84362,0.90069,0.74438,0.66923
augmented43,blur3,bear,40,59,0.78022,0.66187,0.71618,0.76251,0.61625,0.55495
augmented43,blur3,giraffe,40,71,0.80463,0.6338,0.70907,0.74055,0.55328,0.52412
augmented43,blur3,lion,27,29,0.79491,0.80213,0.7985,0.84571,0.83835,0.72785
augmented43,blur3,deer,42,63,0.81467,0.74603,0.77884,0.80787,0.70051,0.62255
augmented43,jpeg1,buffalo,46,63,0.94609,0.88889,0.9166,0.96009,0.90146,0.85589
augmented43,jpeg1,elephant,56,96,0.89253,0.95161,0.92112,0.97896,0.89616,0.77294
augmented43,jpeg1,rhino,49,69,0.97459,0.94203,0.95803,0.98817,0.98817,0.90199
augmented43,jpeg1,zebra,63,127,0.91932,0.89725,0.90815,0.95635,0.79859,0.73899
augmented43,jpeg1,bear,40,59,0.85827,0.61594,0.71719,0.75293,0.63292,0.56092
augmented43,jpeg1,giraffe,40,71,0.91401,0.64789,0.75828,0.79935,0.65362,0.57307
augmented43,jpeg1,lion,27,29,0.83728,0.82759,0.8324,0.85765,0.84894,0.75557
augmented43,jpeg1,deer,42,63,0.92115,0.74184,0.82183,0.84125,0.74431,0.67536
augmented43,jpeg2,buffalo,46,63,0.98266,0.89942,0.9392,0.95247,0.9148,0.82671
augmented43,jpeg2,elephant,56,96,0.88624,0.92708,0.9062,0.96535,0.8785,0.76323
augmented43,jpeg2,rhino,49,69,0.98292,0.88406,0.93087,0.97134,0.95509,0.86394
augmented43,jpeg2,zebra,63,127,0.98204,0.88189,0.92927,0.94802,0.8027,0.73318
augmented43,jpeg2,bear,40,59,0.87673,0.40678,0.55572,0.6783,0.55431,0.48647
augmented43,jpeg2,giraffe,40,71,0.91307,0.59178,0.71813,0.74237,0.54501,0.53487
augmented43,jpeg2,lion,27,29,0.93287,0.72414,0.81536,0.84409,0.83553,0.74592
augmented43,jpeg2,deer,42,63,0.93805,0.72112,0.8154,0.83264,0.73784,0.66062
augmented43,jpeg3,buffalo,46,63,0.92835,0.8254,0.87385,0.91181,0.85932,0.77913
augmented43,jpeg3,elephant,56,96,0.56255,0.80208,0.66129,0.76812,0.62089,0.53971
augmented43,jpeg3,rhino,49,69,0.87878,0.82609,0.85162,0.89762,0.86801,0.78679
augmented43,jpeg3,zebra,63,127,0.78733,0.88976,0.83542,0.93187,0.73473,0.68104
augmented43,jpeg3,bear,40,59,0.90703,0.33093,0.48494,0.4965,0.28783,0.27183
augmented43,jpeg3,giraffe,40,71,0.83482,0.57746,0.68269,0.63957,0.42433,0.42101
augmented43,jpeg3,lion,27,29,0.94318,0.5729,0.71282,0.74413,0.71751,0.59432
augmented43,jpeg3,deer,42,63,0.88659,0.49642,0.63647,0.70842,0.61211,0.52418
