condition,baseline_seed42,baseline_seed43,augmented_seed42,augmented_seed43,baseline_mean,augmented_mean,delta_seed42_pp,delta_seed43_pp,mean_delta_pp
clean,0.7520742659458538,0.7500321422869514,0.7382139924500946,0.732848599813534,0.7510532041164026,0.7355312961318143,-1.3860273495759245,-1.7183542473417357,-1.5521907984588301
dark1,0.7515784120253628,0.7484086624706241,0.7405929138153823,0.7312642741863735,0.7499935372479934,0.735928594000878,-1.0985498209980515,-1.7144388284250578,-1.4064943247115491
dark2,0.733808732647049,0.7337210061183769,0.7309325757277643,0.7205445562374463,0.733764869382713,0.7257385659826052,-0.2876156919284778,-1.3176449880930585,-0.8026303400107793
dark3,0.5983199990772329,0.6169517829300358,0.6284121732944195,0.635223260962201,0.6076358910036344,0.6318177171283103,3.0092174217186574,1.8271478032165223,2.41818261246759
blur1,0.7489400249657449,0.7505168999376313,0.7422674607172072,0.7382489294000611,0.749728462451688,0.7402581950586342,-0.6672564248537682,-1.2267970537570116,-0.9470267393053788
blur2,0.671198508411884,0.6998086871764757,0.7295813365700988,0.7263976444996673,0.6855035977941799,0.727989490534883,5.838282815821483,2.6588957323191553,4.248589274070314
blur3,0.5054543747069283,0.5123636762167413,0.6737241059332512,0.6872724913528627,0.5089090254618348,0.680498298643057,16.826973122632282,17.490881513612145,17.15892731812222
jpeg1,0.7433525137434939,0.7383643224379364,0.729466928876959,0.7293409974839002,0.7408584180907152,0.7294039631804297,-1.3885584866534906,-0.9023324954036127,-1.1454454910285516
jpeg2,0.72586237299163,0.706054427215265,0.713290124403365,0.7018668215174175,0.7159584001034476,0.7075784729603913,-1.2572248588265,-0.4187605697847485,-0.8379927143056243
jpeg3,0.590981349295519,0.6039112414863148,0.5786688705777076,0.574750670228155,0.597446295390917,0.5767097704029313,-1.2312478717811493,-2.916057125815985,-2.0736524987985727
