ratio,seed,split,condition,precision,recall,mAP50,mAP50-95
0,42,val,clean,0.9430788207741013,0.8684652764609271,0.9384900694897083,0.7493786514324029
0,42,val,blur1,0.9473577694799313,0.8624534746278538,0.9402441146455202,0.7530407898694376
0,42,val,blur2,0.9281080473653411,0.7533248931799348,0.8919981700792528,0.7061784304492191
0,42,val,blur3,0.7403932312638825,0.5710476310079301,0.6646740349881984,0.49399114287916107
25,42,val,clean,0.947425962972957,0.8623709684259251,0.9358827336609454,0.7457337451436536
25,42,val,blur1,0.9321125829552493,0.8586268145874532,0.933932308537639,0.7471064563948857
25,42,val,blur2,0.9121975099594697,0.8567636274239707,0.9245242835171945,0.7277651472355602
25,42,val,blur3,0.8600612361464568,0.8103656721438742,0.8829056606649607,0.6719454270742009
50,42,val,clean,0.9335432914547979,0.8432843160503567,0.9231603161437767,0.7365144404619566
50,42,val,blur1,0.9258760179194703,0.8608107351325057,0.9240907642874172,0.7441648124637386
50,42,val,blur2,0.9301231178707215,0.8493103520607123,0.9233476941519981,0.7388076794599006
50,42,val,blur3,0.8831634267781645,0.8271749283590535,0.8901109695204446,0.6998722795236072
0,43,val,clean,0.9167582314942746,0.8502295661114134,0.9324527392815397,0.7566728769496212
0,43,val,blur1,0.91989412511088,0.8505470820142218,0.9315351172709321,0.7554885173649868
0,43,val,blur2,0.935458213043181,0.8101589034203212,0.8975746820149333,0.7018663650760916
0,43,val,blur3,0.7932461894060089,0.5797839350277845,0.6832954451737772,0.5152338213107678
25,43,val,clean,0.9229008208117693,0.8677153257027199,0.9329667458575766,0.7419382784454661
25,43,val,blur1,0.9164271321875936,0.8556864233886875,0.9299790591165924,0.7491019166610083
25,43,val,blur2,0.9120772848395783,0.8548885013788319,0.9252902536702583,0.7361528142426843
25,43,val,blur3,0.8788393311862102,0.7818990681514405,0.8772723578414521,0.6803388205016472
50,43,val,clean,0.94381182199034,0.8313101485141332,0.9289546652256604,0.7434596566141538
50,43,val,blur1,0.9160803558199883,0.8550585940091782,0.9303332792269804,0.7503246459001371
50,43,val,blur2,0.9342010066546199,0.8498282004452918,0.9306738851857848,0.7499224089136411
50,43,val,blur3,0.9080189003958827,0.7865469674979957,0.8949535308204808,0.6941829569847198
0,42,test,clean,0.9101501592863875,0.8209044985536124,0.9120585263730165,0.7520742659458538
0,42,test,dark1,0.9216457397808524,0.8104625960058223,0.9059014364373175,0.7515784120253628
0,42,test,dark2,0.8705138677114737,0.8369298793429661,0.8884704701956462,0.733808732647049
0,42,test,dark3,0.8560490750728353,0.6622879500398233,0.7599436257639112,0.5983199990772329
0,42,test,blur1,0.9017131294381748,0.8341913327078869,0.9119830898900743,0.7489400249657449
0,42,test,blur2,0.8556640187587661,0.7100434355704247,0.831640759788125,0.671198508411884
0,42,test,blur3,0.6895428327083605,0.5694442650218419,0.6568261418654732,0.5054543747069283
0,42,test,jpeg1,0.9228970957934616,0.794188599089751,0.898657558676466,0.7433525137434939
0,42,test,jpeg2,0.8355549512738427,0.8266228591490743,0.8866116392250174,0.72586237299163
0,42,test,jpeg3,0.8178839230851572,0.6648952799423669,0.7681913979879973,0.590981349295519
25,42,test,clean,0.8986181167676538,0.8499339764780377,0.9107387103798159,0.7537781097169642
25,42,test,dark1,0.8990666151868631,0.8461368482997274,0.9088911024351147,0.7517732980257661
25,42,test,dark2,0.9174238294902355,0.811707968819773,0.8966607496333154,0.7362281318708039
25,42,test,dark3,0.7975157344426858,0.7187909930610369,0.7967176835089302,0.6290739289918008
25,42,test,blur1,0.88298488790915,0.8618191059009473,0.9098449652588796,0.7537476014331581
25,42,test,blur2,0.8821719018669458,0.7897837588420271,0.8754857821325461,0.7241582564564966
25,42,test,blur3,0.8534231508346624,0.7143127345743299,0.8232816019449949,0.6542751569642515
25,42,test,jpeg1,0.8938233407092008,0.8448070526987305,0.9067926453433834,0.751147982675467
25,42,test,jpeg2,0.9326859941362105,0.7878866003988518,0.8924014302678576,0.726831678568534
25,42,test,jpeg3,0.8487064444826085,0.7061834808473482,0.7891467705759143,0.6015859567838244
50,42,test,clean,0.8823756781953709,0.8471866345287242,0.9066663195317451,0.7382139924500946
50,42,test,dark1,0.9094994804039879,0.828299051527027,0.9052544991878618,0.7405929138153823
50,42,test,dark2,0.9221204387918611,0.7886721494098834,0.8945711767797293,0.7309325757277643
50,42,test,dark3,0.7876540917483745,0.7480922673248023,0.7994763844455952,0.6284121732944195
50,42,test,blur1,0.8983254924595423,0.8418524909446153,0.9102073317893494,0.7422674607172072
50,42,test,blur2,0.8891355557589598,0.8086435232137017,0.8936244115048343,0.7295813365700988
50,42,test,blur3,0.8254192932047761,0.766410911200841,0.8477519702330534,0.6737241059332512
50,42,test,jpeg1,0.8995934385932483,0.8297841865799525,0.9015241889853872,0.729466928876959
50,42,test,jpeg2,0.8727588958887137,0.8204581058030028,0.8847603592241247,0.713290124403365
50,42,test,jpeg3,0.7671275965930417,0.6633186551643554,0.7627837779439071,0.5786688705777076
0,43,test,clean,0.9201531795022815,0.8261157412273301,0.9144649788750638,0.7500321422869514
0,43,test,dark1,0.9207806657251836,0.8290581747371395,0.912161583402922,0.7484086624706241
0,43,test,dark2,0.9095246001803937,0.8357563469343989,0.9008947670446483,0.7337210061183769
0,43,test,dark3,0.8749130273771974,0.6817463351499846,0.7887674350977932,0.6169517829300358
0,43,test,blur1,0.9139725175431821,0.8332217173119552,0.9147142550999494,0.7505168999376313
0,43,test,blur2,0.8756056107921568,0.7558676561158537,0.8687043312616982,0.6998086871764757
0,43,test,blur3,0.779349885310598,0.5763363242914757,0.6774529844589896,0.5123636762167413
0,43,test,jpeg1,0.878209386957105,0.8204940303738668,0.8974129689176098,0.7383643224379364
0,43,test,jpeg2,0.9032242124703271,0.7624556590926463,0.8786867237699587,0.706054427215265
0,43,test,jpeg3,0.8617357767983933,0.6499371755368633,0.7833232437911799,0.6039112414863148
25,43,test,clean,0.9243112541855651,0.8175608692905425,0.9113040372576879,0.7505591654687914
25,43,test,dark1,0.903653574779604,0.8312405875090403,0.9126943202256661,0.7516126854234464
25,43,test,dark2,0.9225596445951884,0.8118782327358447,0.9049243587938822,0.7382698848867548
25,43,test,dark3,0.7995423782452231,0.7366372818955804,0.8001908969421994,0.6290021722800946
25,43,test,blur1,0.9317384226264205,0.8254496830075184,0.9152396831815766,0.7549517229562142
25,43,test,blur2,0.8673405405395156,0.8367770161399287,0.901622750500622,0.7377062357508561
25,43,test,blur3,0.8889424442619556,0.7445343846947758,0.8503040221588475,0.6646569605666485
25,43,test,jpeg1,0.8907079393982048,0.8307095514805886,0.9062761153998466,0.7445651302498214
25,43,test,jpeg2,0.9105103596224653,0.7688024546182606,0.8869380164934564,0.7167917689720203
25,43,test,jpeg3,0.8883919828039926,0.6378089439723876,0.7743065583598325,0.5843737507612197
50,43,test,clean,0.931992897442727,0.8082216259186232,0.896861782463094,0.732848599813534
50,43,test,dark1,0.946199097391668,0.7952626598647321,0.8924738691923098,0.7312642741863735
50,43,test,dark2,0.9084891922234577,0.8165191687048481,0.8828155329366785,0.7205445562374463
50,43,test,dark3,0.8492263630661205,0.7103972615383105,0.8055585874637011,0.635223260962201
50,43,test,blur1,0.9311761352500962,0.8040393979065219,0.896025403645623,0.7382489294000611
50,43,test,blur2,0.899355406544621,0.8213324887949337,0.8907415021160622,0.7263976444996673
50,43,test,blur3,0.8417942846640634,0.7937555475670346,0.8577214803057099,0.6872724913528627
50,43,test,jpeg1,0.9079058271031117,0.8141298589755303,0.8918446172869172,0.7293409974839002
50,43,test,jpeg2,0.936822085466948,0.754533103524841,0.8668219425861622,0.7018668215174175
50,43,test,jpeg3,0.8410805912094435,0.6651306203308254,0.7622551290268019,0.574750670228155
