ratio,condition,seed42,seed43,mean_mAP50-95,change_vs_0_pp
0,clean,0.7520742659458538,0.7500321422869514,0.7510532041164026,0.0
0,blur,0.6418643026948524,0.6542297544436161,0.6480470285692342,0.0
0,dark,0.6945690479165483,0.6996938171730123,0.6971314325447803,0.0
0,jpeg,0.686732078676881,0.682776663713172,0.6847543711950266,0.0
25,clean,0.7537781097169642,0.7505591654687914,0.7521686375928778,0.11154334764751361
25,blur,0.710727004951302,0.7191049730912396,0.7149159890212708,6.68689604520366
25,dark,0.7056917862961236,0.7062949141967653,0.7059933502464444,0.8861917701664113
25,jpeg,0.6931885393426085,0.6819102166610205,0.6875493780018145,0.2795006806787903
50,clean,0.7382139924500946,0.732848599813534,0.7355312961318143,-1.5521907984588301
50,blur,0.7151909677401858,0.717306355084197,0.7162486614121915,6.820163284295722
50,dark,0.6999792209458553,0.6956773637953403,0.6978282923705978,0.06968598258175751
50,jpeg,0.6738086412860105,0.6686528297431575,0.671230735514584,-1.352363568044257
