ratio,seed,split,condition,Class,Images,Instances,Box-P,Box-R,Box-F1,mAP50,mAP75,mAP50-95
0,42,val,clean,buffalo,58,85,0.94354,0.88235,0.91192,0.96452,0.88801,0.81158
0,42,val,clean,elephant,52,87,0.91217,0.83908,0.8741,0.92445,0.8393,0.7584
0,42,val,clean,rhino,52,81,0.96258,0.95274,0.95763,0.95867,0.87072,0.82339
0,42,val,clean,zebra,58,111,0.89868,0.85586,0.87674,0.92402,0.8235,0.74826
0,42,val,clean,bear,50,56,0.93348,0.83929,0.88388,0.95194,0.73586,0.70636
0,42,val,clean,giraffe,50,96,0.97161,0.80208,0.87874,0.90211,0.72334,0.65701
0,42,val,clean,lion,25,27,0.9614,0.92251,0.94155,0.94558,0.83882,0.74754
0,42,val,clean,deer,42,58,0.96118,0.85382,0.90432,0.93662,0.84709,0.74249
0,42,val,blur1,buffalo,58,85,0.94268,0.88235,0.91152,0.96722,0.8692,0.80977
0,42,val,blur1,elephant,52,87,0.93706,0.81609,0.8724,0.91913,0.81437,0.75121
0,42,val,blur1,rhino,52,81,0.95959,0.95062,0.95508,0.95929,0.87159,0.83408
0,42,val,blur1,zebra,58,111,0.91381,0.85972,0.88594,0.92985,0.81069,0.75252
0,42,val,blur1,bear,50,56,0.95919,0.82143,0.88498,0.94893,0.74444,0.70482
0,42,val,blur1,giraffe,50,96,0.96163,0.78316,0.86327,0.89692,0.73721,0.66196
0,42,val,blur1,lion,25,27,0.9614,0.92265,0.94163,0.96594,0.83771,0.76551
0,42,val,blur1,deer,42,58,0.94349,0.86361,0.90178,0.93468,0.88782,0.74446
0,42,val,blur2,buffalo,58,85,0.94096,0.87059,0.90441,0.95799,0.83668,0.78627
0,42,val,blur2,elephant,52,87,0.95187,0.68207,0.79469,0.86406,0.78003,0.69759
0,42,val,blur2,rhino,52,81,0.85736,0.90123,0.87875,0.93419,0.85207,0.79948
0,42,val,blur2,zebra,58,111,0.9818,0.72072,0.83124,0.8759,0.79321,0.70591
0,42,val,blur2,bear,50,56,0.97587,0.72244,0.83025,0.87909,0.73706,0.65505
0,42,val,blur2,giraffe,50,96,0.98204,0.56961,0.72102,0.83263,0.63562,0.58979
0,42,val,blur2,lion,25,27,1.0,0.71511,0.83389,0.91832,0.87896,0.72516
0,42,val,blur2,deer,42,58,0.73495,0.84483,0.78607,0.87382,0.81765,0.69017
0,42,val,blur3,buffalo,58,85,0.72921,0.70588,0.71735,0.77408,0.69881,0.62492
0,42,val,blur3,elephant,52,87,0.90826,0.3908,0.54647,0.68643,0.57221,0.50885
0,42,val,blur3,rhino,52,81,0.56061,0.85185,0.6762,0.80081,0.72751,0.66473
0,42,val,blur3,zebra,58,111,0.96602,0.51232,0.66955,0.69025,0.611,0.53372
0,42,val,blur3,bear,50,56,0.58933,0.66634,0.62548,0.61531,0.39233,0.37865
0,42,val,blur3,giraffe,50,96,0.80743,0.21839,0.34379,0.45906,0.33285,0.30096
0,42,val,blur3,lion,25,27,0.88132,0.55038,0.6776,0.70171,0.5474,0.5127
0,42,val,blur3,deer,42,58,0.48097,0.67241,0.5608,0.58975,0.45971,0.42739
25,42,val,clean,buffalo,58,85,0.90408,0.88712,0.89552,0.95401,0.83481,0.77076
25,42,val,clean,elephant,52,87,0.97039,0.85057,0.90654,0.92329,0.83811,0.74387
25,42,val,clean,rhino,52,81,0.95087,0.92593,0.93823,0.95774,0.90968,0.84318
25,42,val,clean,zebra,58,111,0.96039,0.8738,0.91505,0.94039,0.84691,0.76858
25,42,val,clean,bear,50,56,0.92038,0.82574,0.8705,0.93843,0.73275,0.70491
25,42,val,clean,giraffe,50,96,0.97464,0.80208,0.87998,0.86903,0.69678,0.64223
25,42,val,clean,lion,25,27,0.95956,0.88889,0.92287,0.95418,0.76346,0.74155
25,42,val,clean,deer,42,58,0.93909,0.84483,0.88947,0.95,0.90559,0.75079
25,42,val,blur1,buffalo,58,85,0.90954,0.88235,0.89574,0.95587,0.81554,0.76966
25,42,val,blur1,elephant,52,87,0.96094,0.84826,0.90109,0.91881,0.83317,0.74817
25,42,val,blur1,rhino,52,81,0.93637,0.92593,0.93112,0.95842,0.90456,0.84161
25,42,val,blur1,zebra,58,111,0.96497,0.87387,0.91716,0.93447,0.84233,0.77095
25,42,val,blur1,bear,50,56,0.90744,0.82143,0.8623,0.94291,0.73066,0.70252
25,42,val,blur1,giraffe,50,96,0.97457,0.79849,0.87779,0.87221,0.72849,0.64782
25,42,val,blur1,lion,25,27,0.88517,0.85662,0.87066,0.94086,0.79401,0.75382
25,42,val,blur1,deer,42,58,0.91791,0.86207,0.88911,0.94791,0.8899,0.74229
25,42,val,blur2,buffalo,58,85,0.91021,0.90588,0.90804,0.96349,0.8074,0.75778
25,42,val,blur2,elephant,52,87,0.9477,0.83319,0.88676,0.9083,0.84491,0.73969
25,42,val,blur2,rhino,52,81,0.95212,0.93827,0.94514,0.95756,0.88439,0.83801
25,42,val,blur2,zebra,58,111,0.91952,0.84685,0.88169,0.91725,0.83259,0.75091
25,42,val,blur2,bear,50,56,0.90843,0.85714,0.88204,0.92852,0.75864,0.6673
25,42,val,blur2,giraffe,50,96,0.93685,0.75,0.83308,0.86773,0.65382,0.62236
25,42,val,blur2,lion,25,27,0.78115,0.88889,0.83155,0.9212,0.82727,0.72916
25,42,val,blur2,deer,42,58,0.94159,0.83389,0.88447,0.93215,0.83578,0.71692
25,42,val,blur3,buffalo,58,85,0.86501,0.88235,0.8736,0.94951,0.79174,0.72353
25,42,val,blur3,elephant,52,87,0.88893,0.73596,0.80524,0.84165,0.68559,0.63594
25,42,val,blur3,rhino,52,81,0.93721,0.87654,0.90586,0.94486,0.87859,0.80509
25,42,val,blur3,zebra,58,111,0.92675,0.75676,0.83317,0.85579,0.74212,0.6676
25,42,val,blur3,bear,50,56,0.70527,0.85464,0.7728,0.88326,0.66884,0.61072
25,42,val,blur3,giraffe,50,96,0.92748,0.72917,0.81645,0.82579,0.6583,0.58328
25,42,val,blur3,lion,25,27,0.74916,0.88889,0.81307,0.88273,0.81922,0.70493
25,42,val,blur3,deer,42,58,0.88068,0.75862,0.81511,0.87965,0.74396,0.64448
50,42,val,clean,buffalo,58,85,0.95516,0.89412,0.92363,0.96079,0.86032,0.79856
50,42,val,clean,elephant,52,87,0.90072,0.8343,0.86624,0.91739,0.81018,0.73002
50,42,val,clean,rhino,52,81,0.94914,0.92593,0.93739,0.95598,0.90233,0.83575
50,42,val,clean,zebra,58,111,0.94703,0.86486,0.90409,0.92037,0.82011,0.73856
50,42,val,clean,bear,50,56,0.88091,0.79259,0.83442,0.90909,0.74688,0.68082
50,42,val,clean,giraffe,50,96,0.93747,0.78082,0.852,0.88703,0.72818,0.65543
50,42,val,clean,lion,25,27,0.9579,0.84291,0.89673,0.8896,0.77842,0.69237
50,42,val,clean,deer,42,58,0.94003,0.81075,0.87062,0.94505,0.87005,0.76061
50,42,val,blur1,buffalo,58,85,0.92231,0.90588,0.91402,0.96063,0.87792,0.80846
50,42,val,blur1,elephant,52,87,0.9594,0.81483,0.88122,0.91737,0.81106,0.73029
50,42,val,blur1,rhino,52,81,0.94241,0.93827,0.94034,0.96597,0.90419,0.84398
50,42,val,blur1,zebra,58,111,0.93818,0.86486,0.90003,0.91685,0.83066,0.74403
50,42,val,blur1,bear,50,56,0.88527,0.82684,0.85506,0.91834,0.76342,0.69773
50,42,val,blur1,giraffe,50,96,0.93353,0.80208,0.86283,0.88814,0.78632,0.66985
50,42,val,blur1,lion,25,27,0.91122,0.88889,0.89992,0.87811,0.8264,0.70075
50,42,val,blur1,deer,42,58,0.91468,0.84483,0.87837,0.94731,0.89539,0.75823
50,42,val,blur2,buffalo,58,85,0.95105,0.9143,0.93231,0.96378,0.89616,0.80499
50,42,val,blur2,elephant,52,87,0.93671,0.75862,0.83831,0.89754,0.7898,0.70962
50,42,val,blur2,rhino,52,81,0.96821,0.93827,0.95301,0.9618,0.89933,0.83489
50,42,val,blur2,zebra,58,111,0.93951,0.82883,0.8807,0.90789,0.85935,0.74436
50,42,val,blur2,bear,50,56,0.89963,0.83929,0.86841,0.91535,0.79055,0.70182
50,42,val,blur2,giraffe,50,96,0.93877,0.77083,0.84655,0.9053,0.69085,0.65421
50,42,val,blur2,lion,25,27,0.8562,0.88227,0.86904,0.88976,0.83257,0.71594
50,42,val,blur2,deer,42,58,0.9509,0.86207,0.90431,0.94537,0.90251,0.74464
50,42,val,blur3,buffalo,58,85,0.91619,0.90033,0.90819,0.95854,0.85318,0.77273
50,42,val,blur3,elephant,52,87,0.87406,0.74713,0.80562,0.84232,0.73989,0.66016
50,42,val,blur3,rhino,52,81,0.92513,0.9153,0.92019,0.95008,0.87768,0.80557
50,42,val,blur3,zebra,58,111,0.91556,0.81081,0.86001,0.86109,0.78587,0.69153
50,42,val,blur3,bear,50,56,0.78809,0.82143,0.80441,0.87446,0.76317,0.66849
50,42,val,blur3,giraffe,50,96,0.9603,0.756,0.84599,0.86367,0.7207,0.62138
50,42,val,blur3,lion,25,27,0.77103,0.8733,0.81898,0.85744,0.79311,0.70026
50,42,val,blur3,deer,42,58,0.91495,0.7931,0.84968,0.91329,0.75314,0.67887
0,43,val,clean,buffalo,58,85,0.94806,0.94118,0.9446,0.9714,0.88895,0.82211
0,43,val,clean,elephant,52,87,0.86028,0.84928,0.85474,0.91288,0.82959,0.75938
0,43,val,clean,rhino,52,81,0.93905,0.95105,0.94501,0.96263,0.898,0.84194
0,43,val,clean,zebra,58,111,0.95109,0.85586,0.90096,0.93492,0.82461,0.75212
0,43,val,clean,bear,50,56,0.87766,0.76786,0.8191,0.9194,0.76923,0.70341
0,43,val,clean,giraffe,50,96,0.89381,0.79167,0.83964,0.8835,0.69498,0.64075
0,43,val,clean,lion,25,27,0.90691,0.85185,0.87852,0.95007,0.86574,0.7819
0,43,val,clean,deer,42,58,0.95722,0.7931,0.86747,0.92482,0.8787,0.75176
0,43,val,blur1,buffalo,58,85,0.91959,0.92941,0.92448,0.96846,0.88536,0.8247
0,43,val,blur1,elephant,52,87,0.88861,0.82531,0.85579,0.91015,0.81841,0.74942
0,43,val,blur1,rhino,52,81,0.95057,0.96296,0.95673,0.96638,0.89443,0.84254
0,43,val,blur1,zebra,58,111,0.95998,0.86445,0.90972,0.92832,0.83464,0.74912
0,43,val,blur1,bear,50,56,0.87905,0.77879,0.82589,0.91695,0.75623,0.68819
0,43,val,blur1,giraffe,50,96,0.89874,0.78125,0.83589,0.87879,0.7284,0.64852
0,43,val,blur1,lion,25,27,0.90155,0.85185,0.876,0.95539,0.83321,0.79266
0,43,val,blur1,deer,42,58,0.96105,0.81034,0.87929,0.92784,0.83937,0.74876
0,43,val,blur2,buffalo,58,85,0.92967,0.93315,0.93141,0.96273,0.85301,0.79729
0,43,val,blur2,elephant,52,87,0.95546,0.78161,0.85984,0.86211,0.79083,0.69174
0,43,val,blur2,rhino,52,81,0.96195,0.93624,0.94892,0.96454,0.86006,0.83131
0,43,val,blur2,zebra,58,111,0.97672,0.75588,0.85222,0.89744,0.78057,0.71313
0,43,val,blur2,bear,50,56,0.9094,0.71429,0.80012,0.8545,0.65406,0.62251
0,43,val,blur2,giraffe,50,96,0.96344,0.69792,0.80946,0.83063,0.59247,0.5568
0,43,val,blur2,lion,25,27,0.91226,0.85185,0.88102,0.91719,0.75607,0.71176
0,43,val,blur2,deer,42,58,0.87476,0.81034,0.84132,0.89145,0.76518,0.69038
0,43,val,blur3,buffalo,58,85,0.86933,0.76471,0.81367,0.83428,0.7356,0.67132
0,43,val,blur3,elephant,52,87,0.82554,0.63218,0.71604,0.70706,0.62329,0.5463
0,43,val,blur3,rhino,52,81,0.67732,0.81481,0.73973,0.82343,0.7382,0.69625
0,43,val,blur3,zebra,58,111,0.98353,0.53814,0.69566,0.70101,0.57448,0.53999
0,43,val,blur3,bear,50,56,0.75581,0.44226,0.558,0.59758,0.3933,0.37113
0,43,val,blur3,giraffe,50,96,0.91265,0.21772,0.35157,0.44891,0.30994,0.27734
0,43,val,blur3,lion,25,27,0.8193,0.50431,0.62432,0.70342,0.60723,0.5407
0,43,val,blur3,deer,42,58,0.50249,0.72414,0.59329,0.65067,0.52609,0.47884
25,43,val,clean,buffalo,58,85,0.96759,0.94118,0.9542,0.97789,0.87872,0.80602
25,43,val,clean,elephant,52,87,0.80472,0.85262,0.82798,0.89699,0.78886,0.73638
25,43,val,clean,rhino,52,81,0.97444,0.94152,0.9577,0.97162,0.91304,0.84034
25,43,val,clean,zebra,58,111,0.91374,0.86486,0.88863,0.92508,0.84141,0.748
25,43,val,clean,bear,50,56,0.89831,0.80357,0.8483,0.89482,0.73139,0.66647
25,43,val,clean,giraffe,50,96,0.94076,0.83333,0.88379,0.89616,0.74837,0.66622
25,43,val,clean,lion,25,27,0.95812,0.84748,0.89941,0.95982,0.84785,0.75714
25,43,val,clean,deer,42,58,0.92553,0.85716,0.89003,0.94136,0.82101,0.71493
25,43,val,blur1,buffalo,58,85,0.96348,0.94118,0.9522,0.97674,0.89328,0.80804
25,43,val,blur1,elephant,52,87,0.84262,0.85057,0.84658,0.89164,0.76323,0.73079
25,43,val,blur1,rhino,52,81,0.96171,0.92593,0.94348,0.9691,0.90925,0.84122
25,43,val,blur1,zebra,58,111,0.92674,0.87387,0.89953,0.92433,0.82945,0.75073
25,43,val,blur1,bear,50,56,0.85508,0.73764,0.79203,0.88294,0.72239,0.65239
25,43,val,blur1,giraffe,50,96,0.93453,0.8125,0.86925,0.90138,0.77329,0.67411
25,43,val,blur1,lion,25,27,0.92059,0.85897,0.88872,0.9643,0.85608,0.82367
25,43,val,blur1,deer,42,58,0.92666,0.84483,0.88385,0.92941,0.79133,0.71186
25,43,val,blur2,buffalo,58,85,0.92754,0.95294,0.94007,0.97817,0.89317,0.81024
25,43,val,blur2,elephant,52,87,0.9057,0.82759,0.86488,0.88802,0.77715,0.7168
25,43,val,blur2,rhino,52,81,0.90882,0.93827,0.92331,0.9596,0.89403,0.82504
25,43,val,blur2,zebra,58,111,0.87396,0.87457,0.87426,0.91871,0.82204,0.73418
25,43,val,blur2,bear,50,56,0.87155,0.72706,0.79278,0.87136,0.69764,0.6422
25,43,val,blur2,giraffe,50,96,0.97414,0.78496,0.86938,0.90186,0.6881,0.63799
25,43,val,blur2,lion,25,27,0.95101,0.88889,0.9189,0.97384,0.82024,0.80744
25,43,val,blur2,deer,42,58,0.8839,0.84483,0.86392,0.91076,0.78708,0.71534
25,43,val,blur3,buffalo,58,85,0.87146,0.87059,0.87102,0.938,0.84177,0.74753
25,43,val,blur3,elephant,52,87,0.85396,0.75862,0.80347,0.82746,0.71257,0.64922
25,43,val,blur3,rhino,52,81,0.94763,0.90123,0.92385,0.948,0.85376,0.8091
25,43,val,blur3,zebra,58,111,0.88178,0.72973,0.79858,0.83041,0.69927,0.64912
25,43,val,blur3,bear,50,56,0.82666,0.68132,0.74699,0.83771,0.69788,0.58724
25,43,val,blur3,giraffe,50,96,0.94987,0.70833,0.81151,0.8158,0.65501,0.59161
25,43,val,blur3,lion,25,27,0.81137,0.77778,0.79422,0.92087,0.81553,0.74825
25,43,val,blur3,deer,42,58,0.88799,0.82759,0.85672,0.89992,0.7222,0.66064
50,43,val,clean,buffalo,58,85,0.98581,0.8173,0.89368,0.96217,0.85239,0.78895
50,43,val,clean,elephant,52,87,0.83379,0.82759,0.83068,0.90162,0.81008,0.7101
50,43,val,clean,rhino,52,81,0.94571,0.93827,0.94198,0.96152,0.8765,0.82917
50,43,val,clean,zebra,58,111,0.95083,0.87102,0.90917,0.94769,0.8438,0.7578
50,43,val,clean,bear,50,56,0.95638,0.7831,0.86111,0.90957,0.73315,0.67269
50,43,val,clean,giraffe,50,96,0.96144,0.77083,0.85565,0.88042,0.78733,0.65874
50,43,val,clean,lion,25,27,0.95826,0.85038,0.90111,0.95224,0.85347,0.80687
50,43,val,clean,deer,42,58,0.95828,0.79199,0.86723,0.9164,0.84635,0.72335
50,43,val,blur1,buffalo,58,85,0.98152,0.88235,0.9293,0.96317,0.84725,0.79384
50,43,val,blur1,elephant,52,87,0.81162,0.84193,0.8265,0.906,0.78392,0.71851
50,43,val,blur1,rhino,52,81,0.93701,0.93827,0.93764,0.96317,0.88205,0.83034
50,43,val,blur1,zebra,58,111,0.91968,0.87387,0.89619,0.94302,0.84412,0.76211
50,43,val,blur1,bear,50,56,0.88238,0.82143,0.85081,0.91349,0.74676,0.66865
50,43,val,blur1,giraffe,50,96,0.94985,0.79167,0.86357,0.88985,0.81076,0.67369
50,43,val,blur1,lion,25,27,0.92096,0.86336,0.89123,0.94685,0.8518,0.80899
50,43,val,blur1,deer,42,58,0.92562,0.82759,0.87386,0.91712,0.84758,0.74647
50,43,val,blur2,buffalo,58,85,0.93769,0.88524,0.91071,0.96902,0.85799,0.80084
50,43,val,blur2,elephant,52,87,0.85841,0.82759,0.84272,0.89384,0.76596,0.70472
50,43,val,blur2,rhino,52,81,0.92163,0.93827,0.92988,0.96099,0.85632,0.81947
50,43,val,blur2,zebra,58,111,0.97952,0.86197,0.917,0.93397,0.8491,0.76555
50,43,val,blur2,bear,50,56,0.91749,0.82143,0.86681,0.92272,0.72086,0.67489
50,43,val,blur2,giraffe,50,96,0.96115,0.80208,0.87444,0.89266,0.75281,0.66562
50,43,val,blur2,lion,25,27,0.95936,0.87461,0.91503,0.95874,0.88907,0.81985
50,43,val,blur2,deer,42,58,0.93836,0.78743,0.85629,0.91345,0.88002,0.74843
50,43,val,blur3,buffalo,58,85,0.91867,0.79732,0.8537,0.94699,0.78883,0.74336
50,43,val,blur3,elephant,52,87,0.81195,0.77011,0.79048,0.83522,0.70576,0.65391
50,43,val,blur3,rhino,52,81,0.91727,0.87654,0.89645,0.93315,0.83091,0.78161
50,43,val,blur3,zebra,58,111,0.95352,0.73925,0.83282,0.88541,0.76643,0.70237
50,43,val,blur3,bear,50,56,0.88742,0.78571,0.83348,0.87638,0.70297,0.65164
50,43,val,blur3,giraffe,50,96,0.94358,0.75,0.83573,0.84109,0.65048,0.6007
50,43,val,blur3,lion,25,27,0.91533,0.81481,0.86215,0.95351,0.85445,0.73726
50,43,val,blur3,deer,42,58,0.91641,0.75862,0.83008,0.88788,0.78799,0.68262
0,42,test,clean,buffalo,46,63,0.89722,0.90476,0.90098,0.97406,0.92123,0.84969
0,42,test,clean,elephant,56,96,0.9772,0.89281,0.9331,0.97635,0.89216,0.78583
0,42,test,clean,rhino,49,69,0.94179,0.93805,0.93992,0.98776,0.97491,0.90254
0,42,test,clean,zebra,63,127,0.94135,0.88467,0.91213,0.94574,0.84389,0.74351
0,42,test,clean,bear,40,59,0.86728,0.66458,0.75252,0.84392,0.64207,0.6337
0,42,test,clean,giraffe,40,71,0.92089,0.69014,0.78899,0.81232,0.68143,0.62619
0,42,test,clean,lion,27,29,0.8218,0.86207,0.84146,0.89688,0.89427,0.78094
0,42,test,clean,deer,42,63,0.91367,0.73016,0.81167,0.85943,0.76062,0.6942
0,42,test,dark1,buffalo,46,63,0.92975,0.90476,0.91709,0.97138,0.88634,0.84288
0,42,test,dark1,elephant,56,96,0.98818,0.87125,0.92604,0.97059,0.88644,0.78988
0,42,test,dark1,rhino,49,69,0.95547,0.93287,0.94403,0.98753,0.96277,0.89822
0,42,test,dark1,zebra,63,127,0.93317,0.87965,0.90562,0.95049,0.854,0.75334
0,42,test,dark1,bear,40,59,0.86163,0.62712,0.7259,0.82383,0.6582,0.63246
0,42,test,dark1,giraffe,40,71,0.94116,0.67582,0.78672,0.80141,0.68066,0.61778
0,42,test,dark1,lion,27,29,0.82495,0.86207,0.8431,0.8918,0.86835,0.78286
0,42,test,dark1,deer,42,63,0.93885,0.73016,0.82146,0.85017,0.76772,0.69521
0,42,test,dark2,buffalo,46,63,0.90477,0.92063,0.91263,0.95289,0.91042,0.84046
0,42,test,dark2,elephant,56,96,0.94161,0.83333,0.88417,0.94692,0.84028,0.76682
0,42,test,dark2,rhino,49,69,0.94802,0.95652,0.95225,0.97971,0.96211,0.89384
0,42,test,dark2,zebra,63,127,0.85397,0.91339,0.88268,0.94502,0.8501,0.74594
0,42,test,dark2,bear,40,59,0.75465,0.72987,0.74206,0.77203,0.62534,0.59845
0,42,test,dark2,giraffe,40,71,0.86916,0.71831,0.78657,0.78917,0.67743,0.60324
0,42,test,dark2,lion,27,29,0.83323,0.86147,0.84712,0.87792,0.82628,0.73895
0,42,test,dark2,deer,42,63,0.8587,0.7619,0.80741,0.84411,0.73648,0.68277
0,42,test,dark3,buffalo,46,63,0.97399,0.8254,0.89356,0.92349,0.89658,0.7968
0,42,test,dark3,elephant,56,96,0.93087,0.56111,0.70018,0.76243,0.61965,0.56724
0,42,test,dark3,rhino,49,69,0.95051,0.7971,0.86707,0.90598,0.84838,0.79619
0,42,test,dark3,zebra,63,127,0.87446,0.8189,0.84577,0.89198,0.82862,0.69871
0,42,test,dark3,bear,40,59,0.58952,0.4869,0.53332,0.50582,0.41996,0.38011
0,42,test,dark3,giraffe,40,71,0.90143,0.56338,0.6934,0.69623,0.51446,0.49773
0,42,test,dark3,lion,27,29,0.87211,0.70583,0.78021,0.75829,0.69383,0.5775
0,42,test,dark3,deer,42,63,0.7555,0.53968,0.62961,0.63533,0.50089,0.47227
0,42,test,blur1,buffalo,46,63,0.90479,0.9051,0.90495,0.96841,0.90177,0.83752
0,42,test,blur1,elephant,56,96,0.94594,0.91144,0.92837,0.9706,0.8849,0.78941
0,42,test,blur1,rhino,49,69,0.97041,0.95068,0.96044,0.98956,0.97829,0.90627
0,42,test,blur1,zebra,63,127,0.91754,0.87618,0.89638,0.94817,0.86012,0.7469
0,42,test,blur1,bear,40,59,0.84753,0.69492,0.76367,0.84137,0.67102,0.64094
0,42,test,blur1,giraffe,40,71,0.9425,0.69263,0.79847,0.82853,0.65554,0.61201
0,42,test,blur1,lion,27,29,0.80768,0.89655,0.8498,0.89727,0.88577,0.78191
0,42,test,blur1,deer,42,63,0.87731,0.74603,0.80636,0.85195,0.73513,0.67656
0,42,test,blur2,buffalo,46,63,0.93261,0.90476,0.91848,0.94141,0.87986,0.81488
0,42,test,blur2,elephant,56,96,0.9759,0.625,0.76199,0.92015,0.78562,0.70608
0,42,test,blur2,rhino,49,69,0.89439,0.94203,0.91759,0.97185,0.96674,0.89283
0,42,test,blur2,zebra,63,127,0.95116,0.70866,0.8122,0.89297,0.77821,0.68855
0,42,test,blur2,bear,40,59,0.76662,0.55682,0.64509,0.68186,0.53339,0.52279
0,42,test,blur2,giraffe,40,71,0.81559,0.47887,0.60344,0.66547,0.51559,0.496
0,42,test,blur2,lion,27,29,0.84996,0.78167,0.81438,0.83955,0.78618,0.66689
0,42,test,blur2,deer,42,63,0.65907,0.68254,0.6706,0.73986,0.67086,0.58157
0,42,test,blur3,buffalo,46,63,0.7261,0.87302,0.79281,0.87917,0.80691,0.74142
0,42,test,blur3,elephant,56,96,0.87095,0.38542,0.53436,0.70356,0.54684,0.51468
0,42,test,blur3,rhino,49,69,0.52945,0.91304,0.67024,0.87917,0.87917,0.78039
0,42,test,blur3,zebra,63,127,0.87557,0.44326,0.58856,0.62603,0.49634,0.44822
0,42,test,blur3,bear,40,59,0.41605,0.45763,0.43585,0.39663,0.2792,0.26822
0,42,test,blur3,giraffe,40,71,0.86914,0.28067,0.42431,0.48636,0.37746,0.34961
0,42,test,blur3,lion,27,29,0.82995,0.55172,0.66283,0.73876,0.65482,0.54632
0,42,test,blur3,deer,42,63,0.39913,0.65079,0.4948,0.54492,0.42123,0.39477
0,42,test,jpeg1,buffalo,46,63,0.91927,0.90476,0.91196,0.974,0.9017,0.84597
0,42,test,jpeg1,elephant,56,96,0.97686,0.87935,0.92554,0.97137,0.89893,0.78973
0,42,test,jpeg1,rhino,49,69,0.9495,0.92754,0.93839,0.98634,0.97899,0.90284
0,42,test,jpeg1,zebra,63,127,0.94845,0.86926,0.90713,0.94256,0.84418,0.74246
0,42,test,jpeg1,bear,40,59,0.89214,0.61017,0.72469,0.81389,0.67343,0.62397
0,42,test,jpeg1,giraffe,40,71,0.93346,0.59276,0.72508,0.77936,0.63716,0.58839
0,42,test,jpeg1,lion,27,29,0.84585,0.86207,0.85388,0.88256,0.85865,0.76298
0,42,test,jpeg1,deer,42,63,0.91765,0.70759,0.79905,0.83918,0.77323,0.69049
0,42,test,jpeg2,buffalo,46,63,0.90092,0.92063,0.91067,0.95758,0.90508,0.82921
0,42,test,jpeg2,elephant,56,96,0.80817,0.92158,0.86116,0.95588,0.8721,0.75797
0,42,test,jpeg2,rhino,49,69,0.9043,0.94203,0.92278,0.97905,0.97905,0.88201
0,42,test,jpeg2,zebra,63,127,0.78773,0.90584,0.84267,0.93772,0.83793,0.73772
0,42,test,jpeg2,bear,40,59,0.83316,0.59249,0.69251,0.78023,0.63829,0.5842
0,42,test,jpeg2,giraffe,40,71,0.81035,0.66198,0.72869,0.75275,0.59251,0.57052
0,42,test,jpeg2,lion,27,29,0.76567,0.89655,0.82596,0.87043,0.86667,0.76844
0,42,test,jpeg2,deer,42,63,0.87415,0.77188,0.81984,0.85925,0.73807,0.67683
0,42,test,jpeg3,buffalo,46,63,0.91913,0.80952,0.86085,0.8859,0.84324,0.76664
0,42,test,jpeg3,elephant,56,96,0.70256,0.78736,0.74255,0.78958,0.65956,0.58114
0,42,test,jpeg3,rhino,49,69,0.76548,0.7971,0.78097,0.87832,0.84666,0.78377
0,42,test,jpeg3,zebra,63,127,0.78687,0.87402,0.82816,0.89834,0.78765,0.67993
0,42,test,jpeg3,bear,40,59,0.73873,0.28756,0.41398,0.47121,0.22532,0.27867
0,42,test,jpeg3,giraffe,40,71,0.78771,0.57491,0.66469,0.65157,0.49589,0.4425
0,42,test,jpeg3,lion,27,29,0.89552,0.62069,0.7332,0.82305,0.74732,0.63519
0,42,test,jpeg3,deer,42,63,0.94706,0.568,0.71011,0.74756,0.62498,0.56
25,42,test,clean,buffalo,46,63,0.90508,0.92063,0.91279,0.97905,0.91911,0.86161
25,42,test,clean,elephant,56,96,0.92679,0.92315,0.92497,0.96575,0.86897,0.77193
25,42,test,clean,rhino,49,69,0.94063,0.94203,0.94133,0.98483,0.98483,0.90018
25,42,test,clean,zebra,63,127,0.88068,0.90551,0.89292,0.94528,0.86739,0.75807
25,42,test,clean,bear,40,59,0.8791,0.73954,0.8033,0.8554,0.73218,0.64146
25,42,test,clean,giraffe,40,71,0.945,0.72602,0.82116,0.79392,0.66134,0.61107
25,42,test,clean,lion,27,29,0.82582,0.89655,0.85973,0.93083,0.86346,0.7991
25,42,test,clean,deer,42,63,0.88584,0.74603,0.80995,0.83084,0.78119,0.68679
25,42,test,dark1,buffalo,46,63,0.91155,0.92063,0.91607,0.97533,0.90862,0.85659
25,42,test,dark1,elephant,56,96,0.91581,0.90645,0.91111,0.96439,0.86437,0.77232
25,42,test,dark1,rhino,49,69,0.93782,0.94203,0.93992,0.98447,0.98447,0.89998
25,42,test,dark1,zebra,63,127,0.91797,0.89764,0.90769,0.95193,0.84124,0.7516
25,42,test,dark1,bear,40,59,0.84157,0.72881,0.78114,0.84628,0.73156,0.63941
25,42,test,dark1,giraffe,40,71,0.89636,0.73094,0.80525,0.79191,0.66916,0.60446
25,42,test,dark1,lion,27,29,0.87771,0.89655,0.88703,0.93252,0.88018,0.79394
25,42,test,dark1,deer,42,63,0.89374,0.74603,0.81323,0.8243,0.77916,0.69588
25,42,test,dark2,buffalo,46,63,0.94096,0.88889,0.91418,0.97178,0.91729,0.85024
25,42,test,dark2,elephant,56,96,0.97402,0.79167,0.87343,0.93929,0.82366,0.75155
25,42,test,dark2,rhino,49,69,0.95862,0.94203,0.95025,0.98119,0.98119,0.89487
25,42,test,dark2,zebra,63,127,0.94983,0.88189,0.9146,0.95556,0.84316,0.74644
25,42,test,dark2,bear,40,59,0.83915,0.71186,0.77029,0.78701,0.65405,0.60458
25,42,test,dark2,giraffe,40,71,0.8684,0.65061,0.74389,0.77169,0.67373,0.59156
25,42,test,dark2,lion,27,29,0.88266,0.89655,0.88955,0.93274,0.82591,0.77023
25,42,test,dark2,deer,42,63,0.92575,0.73016,0.8164,0.83402,0.74344,0.68036
25,42,test,dark3,buffalo,46,63,0.89727,0.83193,0.86337,0.92932,0.88194,0.81254
25,42,test,dark3,elephant,56,96,0.92074,0.60501,0.73021,0.80595,0.66705,0.61305
25,42,test,dark3,rhino,49,69,0.94957,0.7971,0.86668,0.92301,0.92301,0.82686
25,42,test,dark3,zebra,63,127,0.86259,0.88976,0.87596,0.94434,0.83593,0.72848
25,42,test,dark3,bear,40,59,0.55255,0.55932,0.55591,0.52396,0.45878,0.39173
25,42,test,dark3,giraffe,40,71,0.76082,0.59155,0.66559,0.69148,0.56961,0.51236
25,42,test,dark3,lion,27,29,0.78458,0.7931,0.78882,0.84179,0.70309,0.63062
25,42,test,dark3,deer,42,63,0.652,0.68254,0.66692,0.71388,0.5227,0.51695
25,42,test,blur1,buffalo,46,63,0.90153,0.92063,0.91098,0.97273,0.89564,0.8547
25,42,test,blur1,elephant,56,96,0.91705,0.91667,0.91686,0.96507,0.86491,0.77464
25,42,test,blur1,rhino,49,69,0.95647,0.95545,0.95596,0.98966,0.98966,0.90704
25,42,test,blur1,zebra,63,127,0.90339,0.90551,0.90445,0.95293,0.86608,0.76897
25,42,test,blur1,bear,40,59,0.84951,0.76547,0.8053,0.84749,0.69972,0.62896
25,42,test,blur1,giraffe,40,71,0.89796,0.74368,0.81357,0.79377,0.66667,0.60864
25,42,test,blur1,lion,27,29,0.7703,0.92523,0.84069,0.93206,0.86204,0.79072
25,42,test,blur1,deer,42,63,0.86767,0.7619,0.81135,0.82505,0.78325,0.69629
25,42,test,blur2,buffalo,46,63,0.94631,0.90476,0.92507,0.95062,0.88722,0.84481
25,42,test,blur2,elephant,56,96,0.94899,0.77518,0.85333,0.93158,0.85376,0.7504
25,42,test,blur2,rhino,49,69,0.94093,0.92347,0.93212,0.98513,0.98513,0.91099
25,42,test,blur2,zebra,63,127,0.9614,0.82677,0.88902,0.92949,0.82145,0.73316
25,42,test,blur2,bear,40,59,0.76628,0.66102,0.70976,0.74431,0.63308,0.56098
25,42,test,blur2,giraffe,40,71,0.89743,0.61623,0.73071,0.77534,0.67627,0.60317
25,42,test,blur2,lion,27,29,0.77688,0.89655,0.83243,0.89154,0.8194,0.73565
25,42,test,blur2,deer,42,63,0.81916,0.71429,0.76314,0.79588,0.74215,0.65409
25,42,test,blur3,buffalo,46,63,0.85108,0.84127,0.84615,0.91372,0.83018,0.79013
25,42,test,blur3,elephant,56,96,0.9146,0.66938,0.77301,0.85299,0.72168,0.66159
25,42,test,blur3,rhino,49,69,0.9208,0.86957,0.89445,0.95067,0.94997,0.85043
25,42,test,blur3,zebra,63,127,0.92117,0.64567,0.7592,0.82487,0.66965,0.60844
25,42,test,blur3,bear,40,59,0.71679,0.57627,0.6389,0.65733,0.54649,0.48114
25,42,test,blur3,giraffe,40,71,0.83152,0.59155,0.6913,0.72078,0.51695,0.50664
25,42,test,blur3,lion,27,29,0.77896,0.86207,0.81841,0.89826,0.82497,0.74336
25,42,test,blur3,deer,42,63,0.89246,0.65873,0.75799,0.76763,0.6955,0.59247
25,42,test,jpeg1,buffalo,46,63,0.90296,0.92063,0.91171,0.96888,0.91925,0.86025
25,42,test,jpeg1,elephant,56,96,0.91791,0.9375,0.9276,0.96252,0.86382,0.76722
25,42,test,jpeg1,rhino,49,69,0.92675,0.94203,0.93433,0.9841,0.9841,0.89789
25,42,test,jpeg1,zebra,63,127,0.8636,0.90551,0.88406,0.95394,0.85251,0.76309
25,42,test,jpeg1,bear,40,59,0.90715,0.69492,0.78697,0.82802,0.72214,0.62806
25,42,test,jpeg1,giraffe,40,71,0.94422,0.71528,0.81396,0.7966,0.6621,0.59476
25,42,test,jpeg1,lion,27,29,0.81184,0.89655,0.8521,0.92764,0.88296,0.81426
25,42,test,jpeg1,deer,42,63,0.87615,0.74603,0.80587,0.83264,0.77697,0.68365
25,42,test,jpeg2,buffalo,46,63,0.95022,0.92063,0.93519,0.97548,0.915,0.84652
25,42,test,jpeg2,elephant,56,96,0.89521,0.88994,0.89257,0.95932,0.82213,0.74663
25,42,test,jpeg2,rhino,49,69,0.98426,0.90654,0.9438,0.9747,0.9747,0.88063
25,42,test,jpeg2,zebra,63,127,0.94389,0.87402,0.90761,0.94852,0.828,0.7406
25,42,test,jpeg2,bear,40,59,0.88334,0.52542,0.65891,0.77168,0.64085,0.56508
25,42,test,jpeg2,giraffe,40,71,0.95694,0.62605,0.75691,0.75122,0.61767,0.56711
25,42,test,jpeg2,lion,27,29,0.90197,0.86207,0.88157,0.92809,0.87612,0.79398
25,42,test,jpeg2,deer,42,63,0.94565,0.69841,0.80344,0.83021,0.77219,0.6741
25,42,test,jpeg3,buffalo,46,63,0.90831,0.8254,0.86487,0.8964,0.84657,0.75459
25,42,test,jpeg3,elephant,56,96,0.73478,0.80208,0.76696,0.80132,0.6232,0.56258
25,42,test,jpeg3,rhino,49,69,0.83734,0.82609,0.83167,0.907,0.88472,0.79841
25,42,test,jpeg3,zebra,63,127,0.82256,0.87402,0.84751,0.92215,0.78111,0.68949
25,42,test,jpeg3,bear,40,59,0.79673,0.46514,0.58737,0.55192,0.35468,0.3351
25,42,test,jpeg3,giraffe,40,71,0.85476,0.56338,0.67914,0.62703,0.48407,0.44095
25,42,test,jpeg3,lion,27,29,0.90716,0.67431,0.7736,0.82866,0.80994,0.64846
25,42,test,jpeg3,deer,42,63,0.92802,0.61905,0.74268,0.77868,0.69152,0.58313
50,42,test,clean,buffalo,46,63,0.91314,0.90476,0.90893,0.96096,0.88954,0.83737
50,42,test,clean,elephant,56,96,0.94608,0.91379,0.92966,0.97455,0.81349,0.74359
50,42,test,clean,rhino,49,69,0.93164,0.97101,0.95092,0.99071,0.98488,0.90267
50,42,test,clean,zebra,63,127,0.8399,0.90551,0.87147,0.93243,0.83377,0.74428
50,42,test,clean,bear,40,59,0.91451,0.72527,0.80897,0.86522,0.75993,0.64684
50,42,test,clean,giraffe,40,71,0.87928,0.7181,0.79056,0.79884,0.64977,0.60522
50,42,test,clean,lion,27,29,0.71775,0.87713,0.78948,0.88917,0.8185,0.75587
50,42,test,clean,deer,42,63,0.91672,0.7619,0.83217,0.84146,0.73577,0.66987
50,42,test,dark1,buffalo,46,63,0.94511,0.90476,0.9245,0.96612,0.89887,0.83145
50,42,test,dark1,elephant,56,96,0.96642,0.89935,0.93168,0.97896,0.83083,0.76067
50,42,test,dark1,rhino,49,69,0.94165,0.97101,0.95611,0.99205,0.99078,0.89863
50,42,test,dark1,zebra,63,127,0.91327,0.91209,0.91268,0.94458,0.82658,0.74723
50,42,test,dark1,bear,40,59,0.91156,0.69887,0.79117,0.84773,0.73137,0.64926
50,42,test,dark1,giraffe,40,71,0.9158,0.67606,0.77788,0.812,0.65178,0.6058
50,42,test,dark1,lion,27,29,0.77215,0.81822,0.79452,0.88153,0.83607,0.76112
50,42,test,dark1,deer,42,63,0.91002,0.74603,0.81991,0.81906,0.73698,0.67059
50,42,test,dark2,buffalo,46,63,0.96546,0.88734,0.92475,0.9612,0.88977,0.82441
50,42,test,dark2,elephant,56,96,0.97955,0.8125,0.88824,0.96281,0.85022,0.75852
50,42,test,dark2,rhino,49,69,0.97049,0.95338,0.96186,0.9884,0.98251,0.8985
50,42,test,dark2,zebra,63,127,0.93099,0.89764,0.91401,0.94607,0.82202,0.74587
50,42,test,dark2,bear,40,59,0.90068,0.66102,0.76246,0.81686,0.70665,0.61781
50,42,test,dark2,giraffe,40,71,0.88127,0.62734,0.73293,0.76638,0.63528,0.59483
50,42,test,dark2,lion,27,29,0.83173,0.72414,0.77422,0.86758,0.82247,0.73904
50,42,test,dark2,deer,42,63,0.91679,0.74603,0.82264,0.84726,0.73225,0.66847
50,42,test,dark3,buffalo,46,63,0.92019,0.87302,0.89598,0.9484,0.90395,0.81165
50,42,test,dark3,elephant,56,96,0.85315,0.60417,0.70739,0.79539,0.66373,0.60234
50,42,test,dark3,rhino,49,69,0.96696,0.88406,0.92365,0.96337,0.92856,0.85771
50,42,test,dark3,zebra,63,127,0.7918,0.92126,0.85164,0.93996,0.84038,0.72533
50,42,test,dark3,bear,40,59,0.56442,0.66102,0.60891,0.58301,0.49806,0.45256
50,42,test,dark3,giraffe,40,71,0.7681,0.65315,0.70598,0.69087,0.54515,0.49834
50,42,test,dark3,lion,27,29,0.82794,0.68966,0.7525,0.79002,0.65865,0.56155
50,42,test,dark3,deer,42,63,0.60869,0.69841,0.65047,0.68479,0.60694,0.51781
50,42,test,blur1,buffalo,46,63,0.90706,0.90476,0.90591,0.95594,0.8946,0.83389
50,42,test,blur1,elephant,56,96,0.96488,0.91667,0.94015,0.97505,0.81349,0.75471
50,42,test,blur1,rhino,49,69,0.94438,0.98431,0.96393,0.99352,0.99308,0.91524
50,42,test,blur1,zebra,63,127,0.86404,0.90076,0.88202,0.9376,0.84052,0.7467
50,42,test,blur1,bear,40,59,0.93153,0.72881,0.81779,0.85705,0.73289,0.64705
50,42,test,blur1,giraffe,40,71,0.88881,0.67553,0.76763,0.82113,0.66633,0.61929
50,42,test,blur1,lion,27,29,0.76259,0.86207,0.80928,0.90162,0.79858,0.74232
50,42,test,blur1,deer,42,63,0.92331,0.7619,0.83488,0.83973,0.73586,0.67894
50,42,test,blur2,buffalo,46,63,0.94197,0.90476,0.92299,0.94774,0.89508,0.83742
50,42,test,blur2,elephant,56,96,0.92676,0.82292,0.87176,0.95202,0.83013,0.75166
50,42,test,blur2,rhino,49,69,0.96787,0.97101,0.96944,0.99089,0.99089,0.8972
50,42,test,blur2,zebra,63,127,0.93047,0.86614,0.89716,0.94766,0.79452,0.73203
50,42,test,blur2,bear,40,59,0.81487,0.66102,0.72993,0.80705,0.70906,0.61988
50,42,test,blur2,giraffe,40,71,0.88594,0.6338,0.73895,0.78925,0.6604,0.61219
50,42,test,blur2,lion,27,29,0.73193,0.84759,0.78552,0.89174,0.809,0.74016
50,42,test,blur2,deer,42,63,0.91327,0.7619,0.83075,0.82264,0.71231,0.64611
50,42,test,blur3,buffalo,46,63,0.88911,0.88889,0.889,0.93261,0.87431,0.81285
50,42,test,blur3,elephant,56,96,0.8364,0.69233,0.75758,0.86531,0.70137,0.65742
50,42,test,blur3,rhino,49,69,0.98322,0.89855,0.93898,0.96812,0.96433,0.88227
50,42,test,blur3,zebra,63,127,0.83705,0.77953,0.80726,0.86928,0.67586,0.62885
50,42,test,blur3,bear,40,59,0.65264,0.60512,0.62798,0.69914,0.566,0.5111
50,42,test,blur3,giraffe,40,71,0.8216,0.64867,0.72497,0.76369,0.60738,0.56482
50,42,test,blur3,lion,27,29,0.74226,0.86207,0.79769,0.8833,0.82145,0.75294
50,42,test,blur3,deer,42,63,0.84108,0.75612,0.79634,0.80058,0.6557,0.57954
50,42,test,jpeg1,buffalo,46,63,0.9495,0.89542,0.92167,0.95884,0.89473,0.83651
50,42,test,jpeg1,elephant,56,96,0.95664,0.91936,0.93763,0.97407,0.81888,0.7469
50,42,test,jpeg1,rhino,49,69,0.92604,0.97101,0.94799,0.99004,0.9845,0.90494
50,42,test,jpeg1,zebra,63,127,0.88084,0.90551,0.89301,0.93669,0.8288,0.74668
50,42,test,jpeg1,bear,40,59,0.92788,0.65434,0.76746,0.84932,0.67022,0.60931
50,42,test,jpeg1,giraffe,40,71,0.89472,0.67606,0.77017,0.7854,0.61517,0.57739
50,42,test,jpeg1,lion,27,29,0.73875,0.86207,0.79566,0.88404,0.81637,0.74951
50,42,test,jpeg1,deer,42,63,0.92237,0.7545,0.83004,0.83377,0.74093,0.6645
50,42,test,jpeg2,buffalo,46,63,0.96572,0.90476,0.93425,0.96349,0.91448,0.84017
50,42,test,jpeg2,elephant,56,96,0.90527,0.89595,0.90059,0.96739,0.81952,0.73724
50,42,test,jpeg2,rhino,49,69,0.91636,0.95278,0.93422,0.97618,0.97591,0.86706
50,42,test,jpeg2,zebra,63,127,0.7813,0.92126,0.84553,0.93164,0.82993,0.72378
50,42,test,jpeg2,bear,40,59,0.93834,0.62712,0.75179,0.80175,0.62844,0.57603
50,42,test,jpeg2,giraffe,40,71,0.81222,0.66197,0.72944,0.74166,0.58472,0.55499
50,42,test,jpeg2,lion,27,29,0.73337,0.85379,0.78901,0.87103,0.8042,0.73799
50,42,test,jpeg2,deer,42,63,0.92948,0.74603,0.82771,0.82494,0.74485,0.66905
50,42,test,jpeg3,buffalo,46,63,0.90017,0.79365,0.84356,0.87977,0.81604,0.74236
50,42,test,jpeg3,elephant,56,96,0.68397,0.8125,0.74272,0.82078,0.62709,0.56612
50,42,test,jpeg3,rhino,49,69,0.73355,0.83793,0.78227,0.88868,0.87653,0.79066
50,42,test,jpeg3,zebra,63,127,0.70201,0.89764,0.78786,0.89862,0.76162,0.66481
50,42,test,jpeg3,bear,40,59,0.71491,0.38265,0.49849,0.55024,0.32721,0.31137
50,42,test,jpeg3,giraffe,40,71,0.6817,0.57746,0.62527,0.6352,0.47753,0.4437
50,42,test,jpeg3,lion,27,29,0.87374,0.47753,0.61755,0.76939,0.73457,0.59824
50,42,test,jpeg3,deer,42,63,0.84697,0.52719,0.64987,0.6596,0.56024,0.51208
0,43,test,clean,buffalo,46,63,0.95026,0.88889,0.91855,0.96421,0.93648,0.88284
0,43,test,clean,elephant,56,96,0.93789,0.94377,0.94082,0.98105,0.87663,0.78011
0,43,test,clean,rhino,49,69,0.96925,0.9135,0.94054,0.98709,0.96968,0.90126
0,43,test,clean,zebra,63,127,0.87449,0.88976,0.88206,0.96286,0.81775,0.74292
0,43,test,clean,bear,40,59,0.8725,0.71186,0.78404,0.85149,0.6647,0.62515
0,43,test,clean,giraffe,40,71,0.92164,0.74648,0.82486,0.84909,0.69494,0.63801
0,43,test,clean,lion,27,29,0.91605,0.75276,0.82642,0.8849,0.87807,0.76406
0,43,test,clean,deer,42,63,0.91916,0.7619,0.83318,0.83503,0.75801,0.6659
0,43,test,dark1,buffalo,46,63,0.96622,0.90798,0.93619,0.96837,0.93862,0.87357
0,43,test,dark1,elephant,56,96,0.92887,0.92708,0.92798,0.98135,0.87899,0.7737
0,43,test,dark1,rhino,49,69,0.9816,0.91304,0.94608,0.98639,0.97144,0.89693
0,43,test,dark1,zebra,63,127,0.8901,0.90551,0.89774,0.96178,0.83509,0.75197
0,43,test,dark1,bear,40,59,0.86712,0.72881,0.79197,0.85388,0.6678,0.63436
0,43,test,dark1,giraffe,40,71,0.96318,0.73686,0.83495,0.85139,0.68319,0.64407
0,43,test,dark1,lion,27,29,0.88114,0.76714,0.8202,0.87813,0.8526,0.75931
0,43,test,dark1,deer,42,63,0.88802,0.74603,0.81086,0.81601,0.75621,0.65335
0,43,test,dark2,buffalo,46,63,0.93504,0.91393,0.92436,0.95505,0.9296,0.84948
0,43,test,dark2,elephant,56,96,0.89661,0.90332,0.89995,0.9636,0.84067,0.75773
0,43,test,dark2,rhino,49,69,1.0,0.89356,0.94379,0.9738,0.94987,0.87365
0,43,test,dark2,zebra,63,127,0.87974,0.91339,0.89625,0.96293,0.83874,0.74231
0,43,test,dark2,bear,40,59,0.83566,0.72881,0.77859,0.80769,0.63088,0.60271
0,43,test,dark2,giraffe,40,71,0.9635,0.74355,0.83935,0.84877,0.66594,0.63772
0,43,test,dark2,lion,27,29,0.88508,0.82759,0.85537,0.88556,0.85101,0.74859
0,43,test,dark2,deer,42,63,0.88058,0.7619,0.81696,0.80976,0.74727,0.65758
0,43,test,dark3,buffalo,46,63,0.97373,0.85714,0.91172,0.94324,0.86879,0.8016
0,43,test,dark3,elephant,56,96,0.79625,0.67708,0.73185,0.7636,0.6406,0.58004
0,43,test,dark3,rhino,49,69,0.98029,0.72103,0.83091,0.90839,0.86237,0.79584
0,43,test,dark3,zebra,63,127,0.88998,0.85039,0.86974,0.93288,0.81512,0.6903
0,43,test,dark3,bear,40,59,0.72482,0.57627,0.64207,0.61739,0.45277,0.43248
0,43,test,dark3,giraffe,40,71,0.88612,0.6338,0.73902,0.70789,0.57114,0.51659
0,43,test,dark3,lion,27,29,0.94684,0.61444,0.74525,0.79626,0.66651,0.61199
0,43,test,dark3,deer,42,63,0.80127,0.52381,0.63349,0.64049,0.54947,0.50679
0,43,test,blur1,buffalo,46,63,0.92215,0.90476,0.91337,0.96169,0.93847,0.87281
0,43,test,blur1,elephant,56,96,0.93784,0.94292,0.94037,0.98258,0.88581,0.78211
0,43,test,blur1,rhino,49,69,0.96385,0.89855,0.93006,0.9885,0.97757,0.90759
0,43,test,blur1,zebra,63,127,0.90512,0.90137,0.90324,0.96086,0.82117,0.75178
0,43,test,blur1,bear,40,59,0.89734,0.74083,0.81161,0.86139,0.66913,0.63394
0,43,test,blur1,giraffe,40,71,0.91054,0.71831,0.80308,0.84149,0.68226,0.63538
0,43,test,blur1,lion,27,29,0.88708,0.81301,0.84843,0.90011,0.82221,0.75311
0,43,test,blur1,deer,42,63,0.88786,0.74603,0.81079,0.82109,0.75444,0.66741
0,43,test,blur2,buffalo,46,63,0.8915,0.91304,0.90214,0.95989,0.92126,0.86339
0,43,test,blur2,elephant,56,96,0.91102,0.83333,0.87045,0.9564,0.8203,0.73674
0,43,test,blur2,rhino,49,69,0.95912,0.88406,0.92006,0.9705,0.96491,0.88231
0,43,test,blur2,zebra,63,127,0.98419,0.76378,0.86009,0.92776,0.76517,0.70987
0,43,test,blur2,bear,40,59,0.8072,0.50847,0.62392,0.75005,0.60507,0.55048
0,43,test,blur2,giraffe,40,71,0.82718,0.6338,0.71769,0.7387,0.57292,0.54474
0,43,test,blur2,lion,27,29,0.84974,0.7803,0.81354,0.86992,0.83236,0.71299
0,43,test,blur2,deer,42,63,0.77489,0.73016,0.75186,0.77641,0.7029,0.59796
0,43,test,blur3,buffalo,46,63,0.82356,0.84127,0.83232,0.90357,0.84081,0.77714
0,43,test,blur3,elephant,56,96,0.8732,0.625,0.72854,0.77988,0.64003,0.56387
0,43,test,blur3,rhino,49,69,0.7496,0.85507,0.79887,0.88115,0.86033,0.78846
0,43,test,blur3,zebra,63,127,0.96225,0.46457,0.62661,0.64322,0.52195,0.45315
0,43,test,blur3,bear,40,59,0.72735,0.31665,0.44122,0.44935,0.32622,0.32389
0,43,test,blur3,giraffe,40,71,0.84375,0.35211,0.49687,0.48212,0.32793,0.33245
0,43,test,blur3,lion,27,29,0.77426,0.47348,0.58761,0.65845,0.49557,0.43373
0,43,test,blur3,deer,42,63,0.48084,0.68254,0.56421,0.62188,0.47152,0.42623
0,43,test,jpeg1,buffalo,46,63,0.92444,0.90476,0.9145,0.96001,0.93168,0.87925
0,43,test,jpeg1,elephant,56,96,0.87823,0.97917,0.92595,0.98076,0.87582,0.77894
0,43,test,jpeg1,rhino,49,69,0.93396,0.91304,0.92338,0.98258,0.97177,0.89607
0,43,test,jpeg1,zebra,63,127,0.86411,0.91339,0.88807,0.95706,0.81522,0.74741
0,43,test,jpeg1,bear,40,59,0.78942,0.64407,0.70937,0.7809,0.59129,0.58164
0,43,test,jpeg1,giraffe,40,71,0.86443,0.71848,0.78473,0.82151,0.63966,0.61261
0,43,test,jpeg1,lion,27,29,0.87803,0.74502,0.80607,0.8732,0.84988,0.75414
0,43,test,jpeg1,deer,42,63,0.89305,0.74603,0.81295,0.82329,0.76305,0.65686
0,43,test,jpeg2,buffalo,46,63,0.95422,0.88889,0.9204,0.95609,0.92021,0.84337
0,43,test,jpeg2,elephant,56,96,0.80074,0.89583,0.84562,0.94437,0.81217,0.73904
0,43,test,jpeg2,rhino,49,69,0.95907,0.89855,0.92782,0.97299,0.95292,0.86611
0,43,test,jpeg2,zebra,63,127,0.88138,0.88189,0.88163,0.95199,0.81043,0.72645
0,43,test,jpeg2,bear,40,59,0.86839,0.44745,0.59059,0.72454,0.5952,0.52788
0,43,test,jpeg2,giraffe,40,71,0.91705,0.69014,0.78758,0.77485,0.63021,0.56164
0,43,test,jpeg2,lion,27,29,0.90614,0.66615,0.76783,0.86599,0.85678,0.74074
0,43,test,jpeg2,deer,42,63,0.93882,0.73074,0.82181,0.83867,0.71807,0.64322
0,43,test,jpeg3,buffalo,46,63,0.93941,0.8254,0.87872,0.92299,0.89247,0.79177
0,43,test,jpeg3,elephant,56,96,0.65819,0.79167,0.71878,0.80177,0.68405,0.59389
0,43,test,jpeg3,rhino,49,69,0.84285,0.81159,0.82692,0.89508,0.85666,0.78734
0,43,test,jpeg3,zebra,63,127,0.85207,0.86173,0.85687,0.91811,0.78737,0.69791
0,43,test,jpeg3,bear,40,59,0.83057,0.33252,0.47491,0.53806,0.37596,0.3274
0,43,test,jpeg3,giraffe,40,71,0.89041,0.53521,0.66856,0.66302,0.4504,0.43951
0,43,test,jpeg3,lion,27,29,0.9389,0.53038,0.67785,0.77724,0.73166,0.62369
0,43,test,jpeg3,deer,42,63,0.9415,0.511,0.66245,0.75031,0.66542,0.56978
25,43,test,clean,buffalo,46,63,0.93013,0.92063,0.92536,0.97403,0.94949,0.88225
25,43,test,clean,elephant,56,96,0.92213,0.92708,0.9246,0.97219,0.85828,0.76648
25,43,test,clean,rhino,49,69,0.97909,0.92754,0.95262,0.98804,0.97538,0.88895
25,43,test,clean,zebra,63,127,0.90266,0.87626,0.88927,0.95082,0.82415,0.7404
25,43,test,clean,bear,40,59,0.87105,0.69492,0.77308,0.82009,0.70626,0.63297
25,43,test,clean,giraffe,40,71,0.9597,0.6708,0.78965,0.8451,0.72468,0.63198
25,43,test,clean,lion,27,29,0.93463,0.7931,0.85807,0.89723,0.85432,0.76915
25,43,test,clean,deer,42,63,0.8951,0.73016,0.80426,0.84293,0.76765,0.69229
25,43,test,dark1,buffalo,46,63,0.94332,0.93651,0.9399,0.97843,0.94556,0.87629
25,43,test,dark1,elephant,56,96,0.90146,0.95297,0.9265,0.97205,0.88749,0.77956
25,43,test,dark1,rhino,49,69,0.96902,0.90681,0.93688,0.98526,0.98526,0.8862
25,43,test,dark1,zebra,63,127,0.91149,0.92126,0.91635,0.95263,0.84347,0.754
25,43,test,dark1,bear,40,59,0.85535,0.70166,0.77092,0.83282,0.67863,0.63841
25,43,test,dark1,giraffe,40,71,0.91384,0.67606,0.77717,0.84038,0.68877,0.62533
25,43,test,dark1,lion,27,29,0.88851,0.82451,0.85531,0.90618,0.8505,0.77399
25,43,test,dark1,deer,42,63,0.84624,0.73016,0.78392,0.83381,0.76115,0.67913
25,43,test,dark2,buffalo,46,63,0.95077,0.9197,0.93498,0.977,0.93327,0.86422
25,43,test,dark2,elephant,56,96,0.91239,0.91667,0.91452,0.9647,0.86056,0.76187
25,43,test,dark2,rhino,49,69,0.98423,0.90455,0.94271,0.97342,0.96154,0.8709
25,43,test,dark2,zebra,63,127,0.92149,0.92422,0.92285,0.94987,0.85623,0.7479
25,43,test,dark2,bear,40,59,0.87732,0.61017,0.71976,0.79922,0.61285,0.59902
25,43,test,dark2,giraffe,40,71,0.92726,0.66197,0.77247,0.83336,0.70469,0.62673
25,43,test,dark2,lion,27,29,0.8849,0.82759,0.85528,0.9067,0.86513,0.76551
25,43,test,dark2,deer,42,63,0.92211,0.73016,0.81498,0.83513,0.75179,0.67001
25,43,test,dark3,buffalo,46,63,0.87164,0.92063,0.89547,0.94842,0.89192,0.8203
25,43,test,dark3,elephant,56,96,0.7106,0.79293,0.74951,0.82767,0.6998,0.61893
25,43,test,dark3,rhino,49,69,0.9812,0.84058,0.90546,0.91504,0.8973,0.79682
25,43,test,dark3,zebra,63,127,0.78188,0.90551,0.83917,0.93744,0.81329,0.71023
25,43,test,dark3,bear,40,59,0.73846,0.47865,0.58082,0.56827,0.44743,0.41215
25,43,test,dark3,giraffe,40,71,0.80577,0.66197,0.72683,0.70142,0.56704,0.51187
25,43,test,dark3,lion,27,29,0.80729,0.68966,0.74385,0.81738,0.71901,0.65201
25,43,test,dark3,deer,42,63,0.6995,0.60317,0.64777,0.68589,0.5494,0.50971
25,43,test,blur1,buffalo,46,63,0.93226,0.92063,0.92641,0.97023,0.94868,0.87885
25,43,test,blur1,elephant,56,96,0.94046,0.92708,0.93373,0.97752,0.88108,0.77173
25,43,test,blur1,rhino,49,69,0.98461,0.92711,0.95499,0.99098,0.99098,0.8942
25,43,test,blur1,zebra,63,127,0.92644,0.88189,0.90361,0.95378,0.84477,0.75095
25,43,test,blur1,bear,40,59,0.92736,0.67797,0.78329,0.83401,0.72348,0.64564
25,43,test,blur1,giraffe,40,71,0.92635,0.66197,0.77216,0.83968,0.70715,0.6375
25,43,test,blur1,lion,27,29,0.91692,0.89655,0.90662,0.91909,0.87229,0.78127
25,43,test,blur1,deer,42,63,0.8995,0.71039,0.79384,0.83662,0.76026,0.67948
25,43,test,blur2,buffalo,46,63,0.91032,0.92063,0.91545,0.97011,0.91827,0.86639
25,43,test,blur2,elephant,56,96,0.88146,0.91667,0.89872,0.9651,0.84132,0.75031
25,43,test,blur2,rhino,49,69,0.93436,0.92754,0.93093,0.9826,0.9826,0.89112
25,43,test,blur2,zebra,63,127,0.87023,0.91339,0.89128,0.93702,0.83478,0.74742
25,43,test,blur2,bear,40,59,0.86793,0.66838,0.7552,0.81471,0.64905,0.61237
25,43,test,blur2,giraffe,40,71,0.90918,0.70503,0.79419,0.82807,0.70547,0.63542
25,43,test,blur2,lion,27,29,0.7668,0.89655,0.82662,0.89464,0.84429,0.75321
25,43,test,blur2,deer,42,63,0.79845,0.74603,0.77135,0.82072,0.75354,0.64541
25,43,test,blur3,buffalo,46,63,0.89072,0.90476,0.89769,0.94513,0.91264,0.83386
25,43,test,blur3,elephant,56,96,0.93186,0.77083,0.84373,0.91805,0.71636,0.66636
25,43,test,blur3,rhino,49,69,0.98998,0.89855,0.94205,0.95561,0.95561,0.86038
25,43,test,blur3,zebra,63,127,0.89775,0.74016,0.81137,0.86006,0.67553,0.61711
25,43,test,blur3,bear,40,59,0.81787,0.53288,0.64531,0.7358,0.52039,0.51625
25,43,test,blur3,giraffe,40,71,0.89757,0.6338,0.74297,0.7491,0.57034,0.52862
25,43,test,blur3,lion,27,29,0.77507,0.82759,0.80047,0.84496,0.79349,0.7037
25,43,test,blur3,deer,42,63,0.91072,0.6477,0.75702,0.79373,0.6576,0.59098
25,43,test,jpeg1,buffalo,46,63,0.9189,0.92063,0.91977,0.97135,0.94561,0.87907
25,43,test,jpeg1,elephant,56,96,0.84307,0.94792,0.89242,0.96874,0.87157,0.76038
25,43,test,jpeg1,rhino,49,69,0.94155,0.93395,0.93774,0.98656,0.98656,0.88512
25,43,test,jpeg1,zebra,63,127,0.88908,0.92126,0.90488,0.95168,0.80986,0.73615
25,43,test,jpeg1,bear,40,59,0.84647,0.65421,0.73802,0.80114,0.64404,0.6209
25,43,test,jpeg1,giraffe,40,71,0.95976,0.67193,0.79046,0.8249,0.664,0.60905
25,43,test,jpeg1,lion,27,29,0.85321,0.82759,0.8402,0.89835,0.8557,0.7685
25,43,test,jpeg1,deer,42,63,0.87363,0.76819,0.81752,0.84749,0.7767,0.69734
25,43,test,jpeg2,buffalo,46,63,0.96541,0.88614,0.92408,0.97584,0.90767,0.85038
25,43,test,jpeg2,elephant,56,96,0.80415,0.89583,0.84752,0.94655,0.86528,0.74797
25,43,test,jpeg2,rhino,49,69,0.94084,0.89855,0.91921,0.96207,0.95069,0.85723
25,43,test,jpeg2,zebra,63,127,0.89384,0.88976,0.8918,0.94917,0.81803,0.7383
25,43,test,jpeg2,bear,40,59,0.88186,0.50612,0.64313,0.7661,0.63386,0.55999
25,43,test,jpeg2,giraffe,40,71,0.97044,0.61972,0.7564,0.78475,0.62566,0.57392
25,43,test,jpeg2,lion,27,29,0.91688,0.72414,0.80919,0.88108,0.84131,0.75175
25,43,test,jpeg2,deer,42,63,0.91067,0.73016,0.81049,0.82995,0.73301,0.65479
25,43,test,jpeg3,buffalo,46,63,0.92976,0.84043,0.88284,0.90262,0.86997,0.78528
25,43,test,jpeg3,elephant,56,96,0.63247,0.76042,0.69057,0.77356,0.64139,0.55309
25,43,test,jpeg3,rhino,49,69,0.88747,0.81159,0.84784,0.89153,0.85653,0.76722
25,43,test,jpeg3,zebra,63,127,0.86413,0.85827,0.86119,0.92042,0.80314,0.69158
25,43,test,jpeg3,bear,40,59,0.94008,0.26611,0.4148,0.58107,0.36029,0.33945
25,43,test,jpeg3,giraffe,40,71,0.94857,0.51953,0.67136,0.6737,0.42244,0.42099
25,43,test,jpeg3,lion,27,29,0.98261,0.48276,0.64743,0.75462,0.721,0.5921
25,43,test,jpeg3,deer,42,63,0.92205,0.56336,0.6994,0.69694,0.62495,0.5253
50,43,test,clean,buffalo,46,63,0.96536,0.87302,0.91687,0.96087,0.91783,0.85485
50,43,test,clean,elephant,56,96,0.95962,0.9375,0.94843,0.9778,0.89686,0.77153
50,43,test,clean,rhino,49,69,0.98254,0.94203,0.96186,0.98933,0.98933,0.90361
50,43,test,clean,zebra,63,127,0.95689,0.87393,0.91353,0.95547,0.81578,0.73483
50,43,test,clean,bear,40,59,0.85581,0.60371,0.70799,0.78249,0.65207,0.57228
50,43,test,clean,giraffe,40,71,0.95615,0.66197,0.78232,0.81685,0.68408,0.59969
50,43,test,clean,lion,27,29,0.8502,0.82759,0.83874,0.85737,0.84806,0.75672
50,43,test,clean,deer,42,63,0.92937,0.74603,0.82767,0.83471,0.73934,0.66927
50,43,test,dark1,buffalo,46,63,0.96567,0.89297,0.9279,0.95795,0.90804,0.84634
50,43,test,dark1,elephant,56,96,0.95292,0.92708,0.93982,0.97511,0.8936,0.77172
50,43,test,dark1,rhino,49,69,1.0,0.92302,0.95997,0.98791,0.98791,0.89906
50,43,test,dark1,zebra,63,127,0.97337,0.86336,0.91507,0.95763,0.80639,0.74194
50,43,test,dark1,bear,40,59,0.85606,0.60491,0.7089,0.76415,0.65374,0.57706
50,43,test,dark1,giraffe,40,71,0.97271,0.66197,0.78781,0.81202,0.68365,0.59997
50,43,test,dark1,lion,27,29,0.88284,0.75862,0.81603,0.85024,0.84228,0.74023
50,43,test,dark1,deer,42,63,0.96602,0.73016,0.83169,0.83478,0.74515,0.6738
50,43,test,dark2,buffalo,46,63,0.9583,0.92063,0.93909,0.94772,0.89627,0.82883
50,43,test,dark2,elephant,56,96,0.85909,0.95833,0.906,0.96302,0.86571,0.76089
50,43,test,dark2,rhino,49,69,0.99244,0.91304,0.95109,0.974,0.96242,0.87949
50,43,test,dark2,zebra,63,127,0.94142,0.88574,0.91273,0.95749,0.82519,0.73941
50,43,test,dark2,bear,40,59,0.8236,0.66102,0.73341,0.76599,0.66371,0.58558
50,43,test,dark2,giraffe,40,71,0.92479,0.69276,0.79214,0.7887,0.68382,0.58234
50,43,test,dark2,lion,27,29,0.9144,0.75862,0.82926,0.83685,0.80575,0.73834
50,43,test,dark2,deer,42,63,0.85386,0.742,0.79401,0.82875,0.71988,0.64947
50,43,test,dark3,buffalo,46,63,0.92981,0.84114,0.88326,0.93275,0.88646,0.81875
50,43,test,dark3,elephant,56,96,0.84519,0.82292,0.8339,0.86421,0.72221,0.65442
50,43,test,dark3,rhino,49,69,0.9388,0.78261,0.85362,0.90516,0.90461,0.79122
50,43,test,dark3,zebra,63,127,0.90328,0.88241,0.89272,0.94453,0.80393,0.71204
50,43,test,dark3,bear,40,59,0.63964,0.48145,0.54939,0.54699,0.45249,0.39058
50,43,test,dark3,giraffe,40,71,0.91395,0.59842,0.72327,0.72342,0.54772,0.50686
50,43,test,dark3,lion,27,29,0.90218,0.65517,0.75909,0.80537,0.75305,0.65464
50,43,test,dark3,deer,42,63,0.72097,0.61905,0.66613,0.72203,0.60524,0.55327
50,43,test,blur1,buffalo,46,63,0.9714,0.88889,0.92831,0.96137,0.89966,0.85716
50,43,test,blur1,elephant,56,96,0.95456,0.9375,0.94595,0.97714,0.88838,0.78693
50,43,test,blur1,rhino,49,69,0.98236,0.94203,0.96177,0.99174,0.99174,0.90154
50,43,test,blur1,zebra,63,127,0.95405,0.88189,0.91655,0.95283,0.81896,0.74923
50,43,test,blur1,bear,40,59,0.8571,0.60995,0.71271,0.78046,0.63634,0.57562
50,43,test,blur1,giraffe,40,71,0.95582,0.66197,0.78221,0.81722,0.68287,0.60742
50,43,test,blur1,lion,27,29,0.8364,0.7931,0.81418,0.85411,0.84447,0.75327
50,43,test,blur1,deer,42,63,0.93772,0.71698,0.81263,0.83333,0.73922,0.67482
50,43,test,blur2,buffalo,46,63,0.96133,0.92063,0.94054,0.95153,0.92274,0.84937
50,43,test,blur2,elephant,56,96,0.87745,0.9375,0.90648,0.96891,0.83268,0.76313
50,43,test,blur2,rhino,49,69,0.94198,0.94115,0.94157,0.98444,0.98444,0.89833
50,43,test,blur2,zebra,63,127,0.92516,0.87611,0.89997,0.94939,0.81831,0.73665
50,43,test,blur2,bear,40,59,0.84756,0.65968,0.74191,0.77231,0.63995,0.57642
50,43,test,blur2,giraffe,40,71,0.8869,0.66197,0.7581,0.80358,0.66857,0.59263
50,43,test,blur2,lion,27,29,0.86569,0.82759,0.84621,0.85576,0.84113,0.7424
50,43,test,blur2,deer,42,63,0.88877,0.74603,0.81117,0.84001,0.72702,0.65225
50,43,test,blur3,buffalo,46,63,0.88774,0.92063,0.90389,0.9304,0.90795,0.83206
50,43,test,blur3,elephant,56,96,0.83225,0.90625,0.86767,0.92522,0.76665,0.70349
50,43,test,blur3,rhino,49,69,0.92173,0.88406,0.9025,0.94881,0.94607,0.86392
50,43,test,blur3,zebra,63,127,0.89822,0.79528,0.84362,0.90069,0.74438,0.66923
50,43,test,blur3,bear,40,59,0.78022,0.66187,0.71618,0.76251,0.61625,0.55495
50,43,test,blur3,giraffe,40,71,0.80463,0.6338,0.70907,0.74055,0.55328,0.52412
50,43,test,blur3,lion,27,29,0.79491,0.80213,0.7985,0.84571,0.83835,0.72785
50,43,test,blur3,deer,42,63,0.81467,0.74603,0.77884,0.80787,0.70051,0.62255
50,43,test,jpeg1,buffalo,46,63,0.94609,0.88889,0.9166,0.96009,0.90146,0.85589
50,43,test,jpeg1,elephant,56,96,0.89253,0.95161,0.92112,0.97896,0.89616,0.77294
50,43,test,jpeg1,rhino,49,69,0.97459,0.94203,0.95803,0.98817,0.98817,0.90199
50,43,test,jpeg1,zebra,63,127,0.91932,0.89725,0.90815,0.95635,0.79859,0.73899
50,43,test,jpeg1,bear,40,59,0.85827,0.61594,0.71719,0.75293,0.63292,0.56092
50,43,test,jpeg1,giraffe,40,71,0.91401,0.64789,0.75828,0.79935,0.65362,0.57307
50,43,test,jpeg1,lion,27,29,0.83728,0.82759,0.8324,0.85765,0.84894,0.75557
50,43,test,jpeg1,deer,42,63,0.92115,0.74184,0.82183,0.84125,0.74431,0.67536
50,43,test,jpeg2,buffalo,46,63,0.98266,0.89942,0.9392,0.95247,0.9148,0.82671
50,43,test,jpeg2,elephant,56,96,0.88624,0.92708,0.9062,0.96535,0.8785,0.76323
50,43,test,jpeg2,rhino,49,69,0.98292,0.88406,0.93087,0.97134,0.95509,0.86394
50,43,test,jpeg2,zebra,63,127,0.98204,0.88189,0.92927,0.94802,0.8027,0.73318
50,43,test,jpeg2,bear,40,59,0.87673,0.40678,0.55572,0.6783,0.55431,0.48647
50,43,test,jpeg2,giraffe,40,71,0.91307,0.59178,0.71813,0.74237,0.54501,0.53487
50,43,test,jpeg2,lion,27,29,0.93287,0.72414,0.81536,0.84409,0.83553,0.74592
50,43,test,jpeg2,deer,42,63,0.93805,0.72112,0.8154,0.83264,0.73784,0.66062
50,43,test,jpeg3,buffalo,46,63,0.92835,0.8254,0.87385,0.91181,0.85932,0.77913
50,43,test,jpeg3,elephant,56,96,0.56255,0.80208,0.66129,0.76812,0.62089,0.53971
50,43,test,jpeg3,rhino,49,69,0.87878,0.82609,0.85162,0.89762,0.86801,0.78679
50,43,test,jpeg3,zebra,63,127,0.78733,0.88976,0.83542,0.93187,0.73473,0.68104
50,43,test,jpeg3,bear,40,59,0.90703,0.33093,0.48494,0.4965,0.28783,0.27183
50,43,test,jpeg3,giraffe,40,71,0.83482,0.57746,0.68269,0.63957,0.42433,0.42101
50,43,test,jpeg3,lion,27,29,0.94318,0.5729,0.71282,0.74413,0.71751,0.59432
50,43,test,jpeg3,deer,42,63,0.88659,0.49642,0.63647,0.70842,0.61211,0.52418
